corpus,label
carri fisher laid rest prozac pill urn,1
florida gun rang teach year old shoot,1
job donald trump celebr massiv stock market gain,1
donald trump vow court battl common sens immigr execut order,1
bet kati perri latest white pop act appropri black urban cultur,1
nba commission adam silver doubl leagu transgend activ stanc breitbart,0
pat mccrori north carolina governor conced acrimoni race new york time,0
obama commut sentenc f l n member oscar lopez rivera new york time,1
well nice last democraci,1
watch canadian crowd join togeth sing u nation anthem singer mic fail breitbart,1
jake tapper fact check hell trump campaign assassin lie video,1
grow coy explor fallout famili fought transgend child new york time,0
bad news republican court interven voter intimid scheme,1
toyota recal million vehicl nd major airbag maker scrutini new york time,0
jail time walk fame trump star smasher,1
thyroid cancer scare test remov thyroid whether cancer,0
rio olymp green pool caus hydrogen peroxid dump new york time,0
fallaci goldilock war polici,0
birth order shape person,0
project verita money beliz opinion conserv,1
depress econom realiti donald trump inherit,0
kathi griffin face call boycott comedi tour trump behead photo breitbart,1
video kid rock blast import grill shotgun face china breitbart,1
biblic begin,1
even hillari niec vote trump,1
american side show canin fierc lefti websit mock mike penc dog die,1
russia syria warn us shift isi mosul battl assad,1
chines spend freeli becom ever larger tourism forc new york new york time,0
swedish health agenc reject scienc shaken babi syndrom,1
hundr migrant protest pari treatment french author,1
conserv alien boy scout shift transgend polici new york time,0
trump induc first major polici chang syria inform,0
jerusalem old citi lockdown trump trip,1
shadow amazon european challeng look china inspir new york time,0
world war iii could start,0
armi disarray pillar modern turkey lie broken new york time,0
check ballet vote machin malfunct,1
north korea say diplomat defect human scum new york time,1
smuggler get year assault border patrol agent,1
boycott target trump famili retail front,1
beer less vodka russian mull ongo crisi,0
watch car mayhem fate furiou trailer breitbart,1
california voter face choic end death penalti speed new york time,0
aclu attorney dismember abort inhuman breitbart,1
let go go go three stage version frozen way new york time,0
mp give final approv brexit bill,1
suspect istanbul rampag new year captur turkey say new york time,1
christian u less educ religi minor report say new york time,0
fbi see tie trump putin,1
howard schultz step starbuck chief next year new york time,0
richard rorti book suggest elect come new york time,0
lord capit sic crazi hillari world,0
,1
rehabilit coach outcast new york time,0
enough gefilt fish sushi new york time,0
whole food deep financi troubl sale plummet follow decept anti label posit monsanto,1
olymp spirit brazil stone torch relay new york time,0
pick right counter pain reliev new york time,0
red alert polit anti trump protest torch muslim immigr limo breitbart,1
violent lib tri attack trump star find fearless homeless man guard,1
talent agenc uta trade oscar parti refuge ralli,1
imparti bbc use nixon impeach dog whistl trump fire fbi director,1
donald trump campaign stand embrac putin new york time,0
ceta canada challeng eu chemic regul time,0
cpac devo want find common ground teacher union,1
trump vow repeal health law reviv talk high risk pool new york time,0
marri coupl instal gift envelop scanner wed hall door check note,1
trump optimist address ask congress end trivial fight new york time,0
game biggest stage open public e breitbart,1
could funniest anti trump campaign ad ever see video,1
c arm syrian rebel suppli black market offici say new york time,0
challeng super bowl commerci take side polit new york time,0
butter margarin dunkin donut lawsuit man accept substitut new york time,0
shadow fall jaw drop jolli green icon comeback new york time,0
mute respons health lobbi afford care act face repeal new york time,0
year cultur revolut son await answer father death new york time,0
french socialist collaps week elect,1
human came australia africa,0
colin kaepernick gestur spread spirit long dormant reviv new york time,0
lose trump tri fool voter last ditch media propaganda scam,1
cleans bodi heavi metal cilantro recip,1
,0
black born top comment new york time,0
talk nation radio jame marc lea cancel f,1
secret servic shoot man near white hous new york time,1
apocalypt sound sky back time slovakia,1
rare pink star diamond becom priciest diamond ever sold breitbart,1
gun control group divid loyalti senat race new york time,0
gop unit suprem court nomine hillari clinton video,1
comment trip stori intellectu properti becam link trade fopp,0
north korea rise ambit seen bid breach global bank new york time,0
ivana say young donald trump cri babi anyth chang video,1
john kasich new book trump elect america spiritu declin breitbart,1
white hous comment ongo seth rich investig breitbart,1
washington post donald trump deport push boost mexican economi breitbart,0
us prepar seek arrest julian assang breitbart,1
american nightmar tyranni fbi american realiti part iii,0
hillari indict elect trump respond fbi investig,1
palm beach million tear new york time,0
andrzej wajda tower auteur polish cinema die new york time,0
retest dope sampl could bar dozen rio olymp new york time,0
broke america bought new york time,0
princ knew want sex soul new york time,0
box judg ref remov suspici result new york time,1
jeff session border open pleas come breitbart,1
nouvel sanction europ enn contr la r publiqu arab syrienn,0
palestinian negoti warn trump move embassi end peac process breitbart,1
mcclatchi breitbart aaron klein lead influenti israel bureau,1
joe paterno knew sanduski abus accord court testimoni new york time,0
libya migrant women children beaten rape jail,1
former u treasuri secretari warn trump could assassin,0
bundi brother co conspir acquit oregon saga yet,1
appeal court affirm landmark n f l concuss settlement new york time,0
john kerri trip south pole nazi root revisit new eastern outlook,0
hillari done announc potenti cabinet member tri vomit,1
final know hillari disappear elect night cri inconsol hard understand say cri hard,1
democrat kick resist summer trump hous parti featur keith ellison,1
donna brazil latest casualti crook hillari email scandal cnn give boot lie,1
cost target data breach near million,1
saudi warplan repeatedli bomb yemen prison kill,1
learn alzheim invit report tail realli new york time,0
steven levenson first time attend polit protest new york time,0
homicid percent chicago stay vibrant,1
mysteri noseless bust tuft get back name john brown new york time,1
well fargo need make clean break past new york time,0
regardless america vote american want differ foreign polici,1
north korea threaten super mighti preemptiv strike reduc america ash,1
meter reader knock man door reveal sinist plan insid,1
stanley black amp decker announc open new u plant trump white hous win breitbart,1
fbi clinton investig wider assum,1
republican establish trump,0
review lemoni snicket creation cloud marvel gloom new york time,1
judg throw feloni charg stand rock protest,1
popul fake news psyop continu,0
rumour persist mourinho almost thought blame latest man utd defeat,1
watch peter schweizer detail john podesta may violat feder law breitbart,1
turkey islam fashion revolut new york time,0
hotel ceo caught celebr use govern make airbnb illeg price goug,0
awkward sex onscreen new york time,0
ryan assang sycoph russia breitbart,1
professor want children learn queer theori elementari school breitbart,1
snobol chanc,1
pope franci apolog cathol church role rwanda genocid,0
elector victori hillari alreadi lock via massiv briberi,1
judg eras aaron hernandez murder convict,1
appl iphon target beij patent case new york time,1
dutch court convict asylum seeker rape woman,1
ubisoft reveal sale quarter hipster sim watch dog launch soft breitbart,1
huffpo u desper need trump immigr plan,0
u intellig commun counter coup hillari clinton coup,1
former oklahoma footbal player allegedli pimp former ou cheerlead breitbart,1
moment truth presidenti debat moder new york time,0
allo tryout day googl annoy offic intern new york time,0
devast man made disast human histori cartoon,1
flashback report obama campaign open back channel iran breitbart,1
live pm et danger faggot tour return california breitbart,1
brexit aftershock rift europ britain new york time,0
ryan front money border wall cost billion breitbart,1
billion dollar jewish lobbi tip iceberg,0
school suspend year old boy attack bu wear make america great hat breitbart,1
interview new world next week jame evan pilato,1
firecolbert trend cb host feel heat homophob trump joke,1
clinton network concern teneo consult behavior,0
indian teenag begin lone climb women golf new york time,0
veteran head stand rock defend dapl protest cop,0
patriot act feel safer,1
intel cut job pc demand plummet new york time,0
safe use expir prescript drug,1
austria readi host soro univers embattl hungarian,1
vote nuclear weapon manlio dinucci,0
yahoo said aid u email surveil adapt spam filter new york time,0
exclus carniv corpor alleg outsourc plan send job india europ,1
justic school ban creepi clown costum kati perri allow wear,1
first ladi love new york time,0
trump invit republican congression leader white hous healthcar tax reform oversea trip discuss,1
get,1
flock sheep seven stori tall crossroad world new york time,0
comment putin america great nation banana republ correct wrong debbi menon,1
ted cruz introduc constitut amend congression term limit breitbart,1
best countri world survey say switzerland new york time,0
someon realli like kit kat,1
game n b final draw close million viewer new york time,1
genocid indigen peopl north america palestin israel american herald tribun,1
munich killer troubl terrorist tie germani say new york time,0
feder investig search caus deadli hoboken train crash new york time,0
park geun hye south korea oust leader arrest jail await trial new york time,0
hampshir colleg draw protest remov u flag new york time,0
chelsea man attempt suicid second time,1
rep dave brat five six plan replac obamacar gop leadership need pick one,1
year hurrican sandi household still wait go home new york time,0
right wing popul prevail left wing stronghold around world new york time,0
historian polic other argu make orlando massacr worst new york time,0
comment becom minimalist effect book fit,0
calai jungl burn refuge tri storm way back,0
freddi krueger escap shoot injur five halloween parti,1
must see documentari juli turkish coup video,1
six gulf protector arrest challeng gulf oil drill,1
donald trump win presid histor mandat victori hillari clinton conced,1
chicago philadelphia differ park make new york time,0
greec illeg alien muslim invad set fire camp island lesbo,1
democrat decay,1
berlin elect deal angela merkel parti anoth blow new york time,1
senior lawyer demand action replac white male judiciari,1
prosecutor say trump tower climber want public new york time,1
defiant bashar al assad vow retak everi inch syria new york time,0
us public lack confid elect,0
subway rider scrub anti semit graffiti decent human be new york time,0
whoopi goldberg trump nobodi wiretap ass apolog obama breitbart,1
report ny gov andrew cuomo hire florida fundrais move toward presidenti bid breitbart,1
report govern shut access internet time breitbart,1
gun control chicago shot year date,1
world life expect cut billion year,1
two women say donald trump touch inappropri new york time,0
rio olymp today u swimmer restock trophi case new york time,0
wikileak releas doj fbi huma special podesta email,0
gorka media russia obsess trump america first budget immigr eo challeng fail,0
donald trump meet black leader ahead detroit church visit new york time,1
donald trump convent low energi show far new york time,0
hillari clinton reportedli launch pac quiet catalyst pet caus breitbart,1
arab soccer player refus sing hatikvah israel nation anthem,1
elect candid make close argument,0
populist outsid geert wilder comb mood netherland prepar go poll,1
report michigan state ban whiteboard prevent spread racist messag breitbart,1
new england patriot elizabeth ii monday even brief new york time,0
ann patchett guid bookstor lover new york time,0
roger stone trickster trump side f b scrutini new york time,0
putin derail west,0
facebook face high profil lawsuit regard facial recognit technolog deepfac,1
start up shower cash work new york time,0
leak email show depart justic coordin clinton campaign,1
chart day year feder infrastructur spend constant dollar starvat,1
rep green review evid felt compel call trump impeach breitbart,1
texa offici bombshel massiv group trump voter pollster know,1
south korea blacklist artist add outrag presidenti scandal new york time,0
question gender amid chaotic east villag childhood new york time,0
f nomine paid million industri say recus need new york time,0
belgian court jail islam state cell leader foil plot new york time,0
rhesu rh neg blood alien,1
fbi make stun revers reopen clinton investig discoveri new document,1
amid divis u k brexit nicola sturgeon call new referendum scottish independ new york time,1
ampt cellphon user unabl call least state new york time,1
offic kill ramarley graham leav new york polic depart new york time,1
well arab world take trump victori new eastern outlook,0
yale colleg republican hold barbecu next union hunger strike breitbart,1
zika viru harmless caus birth defect bill gate releas gm mosquito anyway,0
serv veteran mental health need eastern iowa,1
shut speech elizabeth warren g p amplifi messag new york time,0
wikileak report obama admin discrimin christian top job favor muslim,1
delingpol talk trump revolut ted malloch,1
one presid anoth hire guy truck new york time,0
trump said offer interior job ryan zink montana lawmak new york time,0
sean spicer inaccur claim paul ryan health care bill fulli repeal obamacar breitbart,1
obama suprem court defeat upend legaci immigr new york time,0
netanyahu u israel allianc get stronger,1
review first concert new elbphilharmoni germani new york time,0
polic one condit briton run hide tell demonstr resolv,1
offici saudi media trump visit essenti nation secur breitbart,1
receipt found one men jo fern ndez boat shake idea alcohol factor,1
like appli job donald trump white hous new york time,0
wed writer notebook view love new york time,0
colin kaepernick find voic new york time,0
evergreen state colleg protest arrest main campu plaza breitbart,1
jay carney obama presid scandal free breitbart,1
intercept out neocon democrat smear trump putin puppet,0
syria metaphor,0
odd publicli donald trump karl rove hold privat meet new york time,0
deepstateg democrat russia conspiraci theori backfir,0
one alli remain firmli behind donald trump n r new york time,0
leak email show monsanto execut v p invit hillrais fundrais put clinton white hous monsanto benefit,0
isi post portugues u brazil bolster olymp secur new york time,0
women met hillari spot futur polit star new york time,0
donald trump rebuk ruth bader ginsburg derid candidaci new york time,1
bond super nova boston econ professor admit us wors shape financi russia greec itali,1
millenni becam spook credit card new york time,0
hawaii cure new york time,0
fx american crime stori explor monica lewinski scandal,1
putin led complex cyberattack scheme aid trump report find new york time,0
occupi prairi tension rise tribe move block pipelin new york time,0
cuban plan leav u face bleak new realiti new york time,0
trump clinton,0
watch senior abba aid move u embassi jerusalem declar war muslim,1
california dem vs congression republican endang speci act breitbart,1
campus cautious train freshmen subtl insult new york time,0
palestinian jihadist ban christma celebr islam state,1
chelsea clinton respons stay silent breitbart,1
even stock push higher cloud gather u economi breitbart,1
ever googl deep search instead brace result,0
life obamacar dead zone new york time,0
jeff session senat intel committe testimoni public,1
russian spring unveil new cartoon seri mock us propaganda,1
nato troop test ukrainian weapon donbass photo,1
sugar industri shift blame fat new york time,0
u n drop wonder woman ambassador new york time,1
gwb daughter barbara bush keynot plan parenthood fundrais,1
jihadist eilat attack jewish enemi anticip,1
internet mogul kim dotcom leak come clinton seriou troubl,1
trump invigor new american volk formul u einsatzgruppen,1
twitter chelsea clinton unbound new york time,0
spirit cook start hillari clinton dark satan magic,1
former pm dr manmohan singh start watch newshour say silenc sooth,1
hillari clinton poll bounc better chanc persist new york time,0
feder law requir healthcar provid report fgm despit half million risk,0
rainbow thief find bucket gold west th street new york time,1
billionair ray dalio say popul power monetari polici,1
fear elect day troubl us school cancel class,1
roman polanski set return cann base true stori,1
democrat realli stuff ballot answer,0
sober look everyday life besieg donetsk,0
new york learn barcelona superblock new york time,0
reason believ julian assang cia custodi,0
scientist leak evid approv elon musk theori univers comput simul,1
newsweek publish robert reich conspiraci theori claim berkeley rioter paid breitbart breitbart,1
watch aid rush toward hillari see need step onto platform,1
link,0
break fbi get search warrant state depart email weiner comput video,1
feder agenc keep american dark crime statist,0
victori modi india overhaul tangl tax system new york time,0
gop vp candid mike penc plane skid runway laguardia airport,0
stand rock imperi,0
new york holiday tradit count big crowd new york time,0
syrian armi win control terrorist oper room aleppo,1
rep louie gohmert protest gorsuch nomin fake news fund soro money,0
white supremaci elect trump,0
explos hit borussia dortmund bu germani wound player new york time,0
trump repeat bogu claim captain khan would still aliv presid,1
dr duke laud white hero richard spencer npi true alt right,1
matern mortal rate u rise defi global trend studi find new york time,0
sport jacki robinson need lead exampl new york time,0
bill black wall street apologist chief mansplain regul senat warren,0
rees peanut butter cup cheap full toxic chemic,1
know trump tweet anthoni weiner spot,1
obamacar premium spike averag,0
calexit power california becom new independ countri,1
nodapl nativ american leader vow stay winter file lawsuit polic,0
barbarian gate muslim morocco keep break spain,1
distract elect one resist deep state patriot act,0
exclus keith ellison student anti capitalist anti polic activ video,1
russian hacker gain limit access r n c comey say new york time,0
strateg cultur,1
visit madagascar leav red swimsuit lemur recip home new york time,1
watch make bread home bread machin,1
unit airlin pilot remov flight polit rant breitbart,1
report sprint purchas jay z tidal million breitbart,1
michael hudson meet renegad,1
bruce springsteen memoir ride shotgun boss new york time,0
nato impos sanction kill afghan civilian,1
organ gmo way,1
ringl brother circu prepar final bow new york time,0
senat pass bill expos saudi arabia legal claim new york time,0
state solut dead israel debat next new york time,0
syrian kurd warn us turkey involv raqqa invas,1
twitter freak white peopl spot hold black trump sign,1
truth astronom captur signal space,1
thank wikileak direct email evid collus msm hillari clinton,1
pillar west shaken brexit crumbl yet new york time,0
ancient world invok dead help live,1
milo futur conserv polit look like breitbart,0
world wit breathtak centuri event,0
almost forgotten legend basketbal still marvel game new york time,0
cite famili hillari clinton affirm gun control stanc new york time,0
hillari admit leak email clinton donor fund isi,1
rabbi shmuley spicer action redeem word assad breitbart,0
hillari eight point advantag vanish four day,1
refuge arriv declin sharpli trump say report,0
hope european uniti dim new e u headquart glow new york time,0
clinton campaign warn turkey erdogan attempt buy favor,1
canada largest school system cancel usa trip fear travel ban,1
liberti marijuana,0
nuclear option donald trump revolutionari breitbart,0
mann verhaftet nachdem er singl b rse komplizin zum pferdestehlen sucht,1
bill cunningham legendari time fashion photograph die new york time,0
presid fran oi holland franc seek elect new york time,0
donald trump seek ambassador sort compet prioriti new york time,0
charg harsh critic de blasio fund rais new york time,0
obamacar architect law work design need larger mandat penalti,1
ossoff campaign told volunt say live three block away district report show distanc three mile,1
milo tucker carlson berkeley riot embarrass higher educ breitbart,1
report held bastil day truck attack nice new york time,1
comment humanitarian crisi unfold nodaplprotest media silent help geneww,0
make music great trump album cover,1
colin look songwrit partner,1
top holdov obama bureaucrat presid trump fire remov today breitbart,0
break racket indict hillari clinton like foia datto backup devic reveal fbi possess incrimin email,0
million iranian embassi empti u cut grass new york time,0
want thank gift,1
clinton email aid us state depart jake sullivan use person email talk clinton bring libya,1
donald trump soften tone g p hope last new york time,0
european media jihad geert wilder,0
rid soil harm chemic grass,1
fox news host goe script slam fbi disgrac anti clinton letter video,0
walk saw penni pick realiz actual rare coin,1
swedish welfar state fund islam terror,1
austrian populist leader put islamist prison island,1
war unesco,1
went first classic music concert live room new york time,0
grievanc grumbl long chri christi fall donald trump circl new york time,0
educ system broken let tri ed exit,1
trump pack blunt phrase book abroad new york time,1
la familia erdogan el emirato isl mico continuaci n,1
fed ramp real id bulli tactic,1
krauthamm quak boot foreign capit breitbart,1
media freak trump travel ban tweet breitbart,1
video trump take michigan storm two yuge ralli one amaz day truthfe,1
undocu migrant made hand mobil phone,1
rupaul drag race highlight struggl accept new york time,0
saturday night live add cast member new york time,1
obama critic trump kill climat chang legaci breitbart,1
cement shoe fabl anchor wateri grave surfac brooklyn new york time,0
obamacar architect rise premium big increas,1
zenimax seek block oculu use crucial code vr headset breitbart,1
u special forc join fight mosul,1
henri kissing becom member russian academi scienc,1
top u gener america nuclear modern longer defer,0
watch mass shoot occur trumpriot media ignor video,1
newshour panelist cri joy abl hear voic complet sentenc fulli,1
gentrif junk food chop chees edit new york time,0
deep trump truth go,0
histori vitamin mainstream rail quackeri watch,1
report fantas assist includ siri alexa breitbart,1
tulsi gabbard secretari state exampl need polit realign,0
berni sander california democrat pleas pass singl payer health care breitbart,1
mark levin build damn wall time roll schumer breitbart,1
watch mustang good background show new york time,0
store food calori creat equal,1
depaul unborn live matter poster veil bigotri,1
la guardia overhaul check line start highway new york time,0
regresa la chimoltrufia ahora como youtub,1
alarmist report earth lose wildlif popul,1
high school basketbal player score amaz point one game breitbart,1
googl shut competitor android hardli new york time,0
border flood vote born illeg one year usa birth agent admin treat cross like traffic ticket,1
nyt admit key al qaeda role aleppo,0
malay spend sunday cook home music studio new york time,0
top chef host padma lakshmi call milo neo nazi call berkeley riot victori breitbart,1
fran oi fillon french presidenti candid vow run despit inquiri new york time,0
fake news british gq name milo worst dress breitbart,1
us secretli use tunisia airbas drone spi libya sourc,1
biolog dentistri solv diseas symptom holist,0
polit hospic way forward white work class say washpo editor breitbart,0
obama see person insult black ralli hillari clinton new york time,0
paralympian race remov obstacl next gener new york time,0
world war truth ww newworldord,1
bronx assemblyman file complaint polic new york time,1
confus jihad hirabah build peac world,0
n c suffer major elect setback south africa new york time,0
forgotten polit debat led america worldwid intervention,0
naacp barber rep john lewi stand tradit prophet jesu breitbart,1
ireland would take nd child refuge busi let children,1
trump conserv revolut view oz,0
asia hottest art fair take selfi mao corps new york time,0
vote switch multipl state clinton,1
session doj end holder memo era resum strict drug sentenc breitbart,0
fed plan next crisi,1
daughter granddaught black power icon malcolm x bust anim cruelti car theft breitbart,1
dozen u missil hit air base syria new york time,0
loom transit ignit deadli clash congo new york time,0
april ryan clash white hous bring new kind promin new york time,0
larri king trump protest smash car window breitbart,1
interview devyn springer queer black muslim homophobia islam space,1
invest strategist forecast collaps timelin last gasp econom cycl come,1
captagon drug choic western back islam rebel,0
coup take place unit state,1
bundi acquitt juri tell fed enough enough,1
new bionic eye implant connect directli brain,1
reba mcentir fan pay hard earn money hear polit,1
bomb near afghanistan parliament kill dozen day assault new york time,0
obama say scandal free administr scandal,1
never noodl shall meet chines treati test new york time,1
halt halt halt hillari law treatment,1
hey black american hispan number soon thank hillari,1
soro launch purpl revolut america,1
hillari unpopular pay youth voter fabric ralli,1
sens dread civil servant shaken trump transit new york time,0
melania trump reappear wear european first new york time,0
paul ryan obama iran deal lot toothpast alreadi tube breitbart,1
lesli jone milo book deal simon amp schuster help spread hate breitbart,1
specter trump loosen tongu purs string silicon valley new york time,0
wikileak obama saudi agent,1
schumer democrat attempt filibust gorsuch,1
comey must explain advis obama publicli accus russia hack democrat,1
congressman back libertarian presidenti candid campaign first new york time,1
watch colleg republican lawyer eviscer uc berkeley press confer breitbart,1
colin kaepernick start black panther inspir youth camp teach kid fight oppress,0
insid trump campaign steve bannon build polit death star,0
new podesta email reveal strategi rig poll oversampl,0
modern histori rig us elect,0
freedom rider protest trump,0
stay go e u referendum divid british famili new york time,0
fed search new framework new minut show one yet new york time,0
live g world wireless pollut get control,0
watch kid miss downton abbey new york time,0
trump elect manhattan build lose name new york time,1
china lend inflat real estat stock even egg futur new york time,0
clinton pull pickup bring illeg mexican vote,1
break trump right,1
evolut higher purpos new york time,0
men bachelor parti find stray dog newborn puppi adopt,1
ivanka rock berlin presid trump polici central econom empower women,0
mylan offer patient aid cost epipen new york time,0
young briton favor stay e u big vote new york time,0
boycott target uber join strike protest trump travel ban breitbart,1
rush lay blame media ignor posit commun movement flint michigan,1
much mike penc help donald trump new york time,1
rig elect us blame russia futur falsifi voter fraud,1
california offici say trump claim voter fraud absurd new york time,1
democrat loss nanci pelosi becom symbol went wrong new york time,0
gunfir panick call polic log orlando shoot new york time,0
exit bad road onto hope path new york time,0
trump harsh talk malcolm turnbul australia strain anoth allianc new york time,0
make sou vide simplifi work new york time,0
hill priebu bannon trash report divis breitbart,1
lin manuel miranda trump refuge order deepli un american,1
nfl commish goodel would honor hand tom bradi super bowl trophi breitbart,1
unit airlin sean spicer tuesday even brief new york time,0
russia track field team bar rio olymp new york time,0
mav fan got mad mark cuban bash trump respons perfect,1
fbi dh custom border protect secret servic isra cahoot,0
obama order five last minut monument presidenti histori breitbart,1
report hillari aid access classifi state dept info leav offic breitbart,1
syrian boy ban swim pool girl young nine sexual assault pin,1
japanes troop deploy south sudan risk first oversea conflict sinc world war,1
fbi sourc tell fox news indict like clinton foundat case,0
doj complaint comey fire partisan witch hunt hillari tweet video,1
need proof fed thing bassackward altern,1
leader loss marin veteran fight abus new york time,0
libertarian foreign polici five key fix,1
milo noth say women right like sharia law activist wear hijab breitbart,1
hillari clinton gun control agenda expos wikileak email,1
cuban trump think last four year breitbart,1
guant namo detaine sent emir largest obama era transfer new york time,0
cash strap lefti demand money anti breitbart site,1
million john niem authoris version,1
aleppo china jordan morn brief new york time,0
buchanan smash cnn shill,1
trump win rebuk elit,0
paula fox novelist chronicl disloc die new york time,0
half popul world dirt poor global elit want keep way,0
vp penc america back breitbart,1
trump hope slash epa staff carbon footprint breitbart,1
nobodi return palestinian show peopl,1
abnorm normal nuclear terror,0
davo elit see abyss populist surg upend statu quo new york time,0
white hous call deep cut tax famili individu busi breitbart,1
famili mari colvin slain u journalist sue syria new york time,0
blame russia everyth wrong us get danger,1
well fargo complaint fraudul account sinc new york time,0
earli vote data show trump win elect,1
comment tip sex croatian girl watch summer vacat croatia,0
clinton blitzkrieg campaign savag polit oligarch,0
talk voter fraud across u offici found next none new york time,0
chama rose herb contain monatom gold detoxifi creat clear skin,0
player make first contact hidden alien elit danger breitbart,1
comment hillari clinton fail disclos pricey present privat jet vacat gift bill hillari clinton fail disclos pricey present privat jet vacat gift bill fellowship mind kommonsentsjan,0
worth white hous financi disclosur new york time,0
paul ryan still sell g p agenda new york time,0
washington metro system fail learn accid report find new york time,1
anti milo protest wield basebal bat sharpen stick univers washington breitbart,1
trump mccain lose long know win,1
theori spiritu physic evolut propos persian scientist year darwin,0
lionel messi argentina miss chile win copa rica new york time,0
three separ equal dysfunct branch govern new york time,0
msnbc mika brzezinski put kellyann conway air disgust polit porn breitbart,1
research find women group pay tax,0
obama urg commun organ respons donald trump,1
judici watch clinton abedin email exchang classifi inform unsecur server,1
car broke bad,1
yahoo onlin univers accord verizon new york time,0
hillari castro endors,0
gang rape arrest wapo report tri build sympathi illeg alien breitbart,0
shock colin kaepernick care protest footbal breitbart,1
pari airport attack want kill die allah,1
donnelli california dmv could settl question voter fraud breitbart,0
tree shape vertic farm grow acr crop,1
dem charg republican took anti cop paint breitbart,1
delta malfunct land keep fleet plane sky new york time,0
wildlif renam wilddeath,1
comment barack obama delay suspend elect hillari forc new fbi email investig denni paul habern,0
virginia governor veto bill allow women quickli arm domest abus,1
donald trump slip behind hillari clinton new poll new york time,1
parrot highlight reel new york time,1
presid higgin accident visit laoi instead lao gp fuck,1
serena william novak djokov sit atop u open draw injuri share spotlight new york time,0
dem strategist jamal simmon trump america first realli white america first breitbart,1
trump talk muslim led act attorney gener defi ban new york time,0
ex report charg make bomb threat jewish site new york time,0
andrew maguir broadcast interview avail,0
maci close store e rival discount hit legaci retail new york time,0
rex tillerson lift human right condit arm sale bahrain new york time,0
kurdish politician vanish turkey turn iraq new york time,1
dr macdonald dr duke expos viciou war trump jewish establish,1
trump order mexican border wall built plan block syrian refuge new york time,0
rep jim jordan bottom line vote gop healthcar legisl breitbart,1
blame muslim attack donald trump toss plural asid new york time,0
republican senat told fan put bull eye hillari face,1
stop dr duke debat tonight eastern time,1
watch six communist arrest attack trump support media yawn video,1
nbc freak rate disast megyn kelli report breitbart,1
video fbi seek pay play indict clinton foundat investig truthfe,1
real eu referendum next gener elect,1
donald trump samsung chicago cub wednesday even brief new york time,0
trump ralli hollywood boulevard,0
massiv spike obamacar health premium could boost trump victori,1
likud deputi minist itali earthquak retribut unesco vote,1
report jare kushner hire top hollywood publicist white hous post,1
fake news usa today issu correct fals brand milo white nationalist alt right breitbart,1
new year resolut let us help stick new york time,0
email pandemonium perpetu rape cultur,0
first look joseph fienn michael jackson urban myth,1
let us prais famou trump,0
val kilmer credit christian scienc faith help cure cancer,1
,1
first clinton trump debat frame rift race gender new york time,0
cannabi heal brain concuss,1
facebook coo sheryl sandberg launch equal pay campaign women breitbart,1
former obama spox u absolut hurt diplomat obama fail act syrian red line promis breitbart,1
hostil hypocrisi left wing isra ngo,0
gateston institut trump fire europ anti establish movement,1
word steven spielberg new york time,0
us militari prepar shut russia internet hack elect,1
novemb energi report,0
comment isol incid everi polic dept america fail meet minimum standard use forc isaid dilligaf,0
trump russian ship suspici mind new york time,0
deport czech child abus beg british author,1
defi china hong kong booksel describ detent new york time,0
syrian refuge laud u strike new emot trump new york time,0
review miranda lambert sing come heartbreak new york time,0
israel opposit leader trump bring aura optim region breitbart,1
suprem court much deadlock diminish new york time,0
us insid russia leak clinton email,1
trump lose grab musket former congressman readi go full revolut,1
iran accus thomson reuter chariti offici sedit new york time,1
feder reserv clinton doom video w partial transcript,0
congress goe home constitu fire health care wait new york time,0
dad use sign nba game troll son lacklust grade breitbart,1
elect evolutionari proport,1
hanniti offer pay way ticket obama kenya leav white hous,1
women march highlight huge crowd protest trump go away new york time,0
would spend haircut men new york new york time,0
cb colorado investig show peopl vote twice dead vote,1
celebr defend stephen colbert c ck holster joke,1
wikileak bombshel clinton money man stori get screw,0
twinki made superrich even richer new york time,0
video surfac u presenc near turkish soldier kurdish militia syrian border breitbart,0
trump syria assad follow chemic weapon attack someth happen breitbart,0
let clear vote warmong hillari clinton vote world war,0
potenti homeown detroit find mummifi bodi garag,1
real reason hillari prosecut email scandal infuri,1
report roman polanski return u settl child rape case,1
suprem court hear death penalti case new york time,0
volkswagen emiss scandal inquiri widen top level new york time,0
republican protest say nearli kill trump say take,0
e p worker tri block pruitt show defianc new york time,0
gene wilder underst nutti new york time,0
failur democraci oligarch plan steal elect,0
fact check donald trump econom speech new york time,0
warren buffett say free trade turn american worker roadkil breitbart,1
berlin report percent left wing activist live parent one three unemploy breitbart,1
politico magazin despit polit success nra struggl attract black gun owner breitbart,1
satanist weigh u elect,1
memo comey keep damn hand elect inform,0
puh leez doj polici remind fbi shameless especi consid twitchi com,1
limbaugh comey hear messag trump stop drain swamp stuff face impeach breitbart,1
put punt littl left flutist new york time,0
nato goe high alert block donald trump presid put hillari clinton power,0
vincent viola nomine armi secretari drop new york time,1
may put nation high poppi alert,1
min fbi news hillari exit plane one dirti thing,1
sen booker trump creat toxic environ fear breitbart,1
,1
hillari indict paul ryan presid,0
classic wtf illicit process improv,0
donald trump conduct excus time new york time,0
japan confirm dead earthquak new york time,0
vincent viola billionair businessman trump choic lead armi new york time,1
california black live matter proud facebook post say spit polic offic starbuck breitbart,1
lose weight diet new york time,0
south korea enter period uncertainti presid impeach new york time,0
modern love podcast ruth negga read touchston heart gold new york time,1
susi breitbart give rare interview andrew good friend mani peopl disagre breitbart,0
death fascist insect sla cop,0
year old arm wrestler new york time,0
anonym world war immin,1
much turmer actual need eat arthriti cancer diseas,0
keg liquor colleg crackdown target drink sexual assault new york time,0
rememb media sold us iraq wmd lie happen,0
claim voter fraud trump vow major investig new york time,0
protect privaci use pok mon go app new york time,0
yo woman best reaction final receiv high school diploma,1
market satur brooklyn rental boom may turn glut new york time,0
freedomwork oppos speaker ryan obamacar plan breitbart,1
accus sexual harass roger ail negoti exit fox new york time,0
hh report averag health insur premium doubl obamacar breitbart,1
mylan settl epipen overpr case million new york time,0
rubio nato obsolet import sinc end cold war breitbart,1
css doug hagmann bob griswold mike adam,1
van jone univers chicago safe space terribl idea breitbart,1
silver signal flight real safeti fund manag,1
moon make closest pass earth sinc,1
video whoopsi hillari top aid huma abedin campaign plane today truthfe,1
russian expos pre elect link trump campaign,0
bill maher tom bradi bill belichick f go falcon breitbart,1
pentagon unsur role turkey assault islam state capit,0
oregon counti declar sanctuari statu gun control,1
transform new moon scorpio video,1
gender color outrag scandal involv south korea presid new york time,0
iranian everi right take us embassi veteran today,0
race relat lowest point obama presid poll find new york time,0
us hawk gambl turkey invas,0
milo media meltdown breitbart editor uc davi event domin headlin breitbart,0
gorsuch conserv activist see test case reshap judiciari new york time,0
donald trump return fire call hillari clinton world class liar new york time,0
soro group behind massiv anti trump tax day protest plot,1
gold stock winter ralli,0
cuba good jr spark outrag lift sarah paulson dress,1
canada eu sign thoroughli undemocrat ceta trade deal,1
new york time correct fake news editori blame sarah palin shoot breitbart,1
chelsea clinton may will lend hand mother win new york time,0
nyt populist steve bannon reassur conserv uneasi trump,1
deep fri offshor,0
investig find phillip andov faculti engag sexual misconduct student new york time,1
report fbi facial recognit databas control breitbart,1
cathol bishop church shield illeg immigr,1
le princ et l imposteur qui est le myst rieux millionnair instagram,1
detail map gay marriag america new york time,0
secur bright yellow suitcas new york time,0
lil wayn album stall opinion still flow new york time,0
money die nightmar weimar collaps,0
ode purpl one princ memor album new york time,1
obama set next presid major recess giant crash come,0
marco rubio inch closer unemploy poll show florida senat race tie,1
privaci group sue nypd freedom inform request facial recognit program breitbart,1
exclus women nationwid cut nordstrom card plan boycott polit decis drop ivanka trump line breitbart,0
mark cuban breitbart news daili learn peopl disagre,0
unpreced letter chair joint chief suggest u militari want presid hillari,0
michael chabon moonglow deathb stori illumin era new york time,0
divid aleppo plung back war syrian hospit hit new york time,0
emili blunt ride unnerv rail addict girl train new york time,0
susan sarandon think trump gonna make whole term,1
russian expert expect donald trump,0
wsj nation enquir shield donald trump playboy model affair alleg,1
e hand south park fractur whole south park take aim superhero genr breitbart,1
trump kellyann conway samsung tuesday even brief new york time,0
break obama major scandal administr hahaha,1
nigel farag articl well done bannon well done breitbart help huge breitbart,1
keiser report meme war e,1
break obama consid martial law mass riot conserv daili post,0
civil war gop trump lead long experi popul new republican parti,1
slavehold control govern interview matthew karp,0
bolton obama legaci america endang front inconceiv eight year ago,1
exclus sen ben sass judg neil gorsuch great pick presid,0
classic footbal banner time,1
email mess comey quandari expand brawl washington,0
copenhagen troll donald trump funni bu ad send american messag,1
diabet diet low carb debat new york time,0
liberti state control decid,1
yanke stumbl gate fall ray new york time,0
trump support fight rig system,1
cook weekend new york time,1
delingpol social media use idiot respond manchest suicid bomb breitbart,0
lucif templ dog ii,0
exclus jacki mason hillari clinton untrustworthi serv bathroom attend steal toilet paper,1
disappear seagrass protect pathogen even climat chang scientist find new york time,0
turkey militari plung syria enabl rebel captur isi stronghold new york time,0
lo angel counti su million medic kidnap case,0
trump execut order immigr know new york time,0
michigan hillari clinton call donald trump enemi littl guy new york time,0
zika u presidenti race ryan locht friday even brief new york time,0
obama dark preciou hour alon new york time,0
elijah magnier fake news fake analyst,1
motiv tool believ tenni big four era new york time,0
gingrich comey much power polit clever breitbart,1
look shock preview devast come worldwid financi destruct,0
truth,0
pakistan citi affluent women bring islam live lifestyl new york time,0
report refus mass polic honor immigr detain increas,1
senat republican deploy nuclear option clear path gorsuch new york time,0
cnn acosta trump call conserv media describ fix breitbart,1
fli fish montana river still run new york time,0
state depart dissent memo syria explan new york time,0
global debt grow central bank buyer,1
reinc priebu urg g p uniti behind trump new york time,1
jpmorgan may face new scrutini china hire case new york time,0
octob shocker fbi explos inform trump conspir putin,0
take month drink wonder underground health,0
report fbi move like indict clinton foundat,0
nicola sarkozi mount hope comeback franc new york time,0
voic pari climat chang new york time,0
wigan road brexit anger loss class resent new york time,0
orlando son muslim immigr rush heal pain caus anoth new york time,0
donald trump chuck schumer lead democrat doom breitbart,1
ethiopian runner return home know go new york time,1
india stoneheng year old megalith site oldest observatori south asia,0
kill bpm festiv mexico new york time,1
hidden cam fbi botch first clinton investig trust,1
ex assist fbi director clinton crime famili,1
comment thing learn hillari clinton wikileak msm share lakshmima,0
south korea next olymp host went shop north america build hockey team new york time,0
wear makeup wear makeup new york time,1
ahora qu oposici n venezolana patea la mesa de di logo con el gobierno,0
donald trump rip media wrong russia meet report never mention word israel,0
obama admit rig elect back,1
bombshel hillari clinton leak audio prove rig elect,1
netherland new muslim polit parti call denk think creat muslim colon muslim colon,1
check hillari theme haunt hous,1
gaza outwardli rebuild inwardli fear new york time,0
snowden reveal easi hack vote machin,0
breitbart news john carney vs cnn brian stelter american panic donald trump breitbart,1
trump exceed bullish predict progress border secur breitbart,1
isi claim respons kill french polic offic new york time,1
dea offici spill bean clinton foundat,0
isra soldier shot wound palestinian assail convict new york time,0
silicon valley elit privat turn doomsday prepper breitbart,1
archiv richard kline progress lose,0
florida univers student latest victim campu racism,1
park geun hye accomplic extort south korean prosecutor say new york time,0
reason strike right,1
donald trump terror plan mix cold war concept limit immigr new york time,0
california today ban plastic bag new york time,0
social justic warrior left behind espn unveil new lineup bad thought breitbart,0
trump seal carrier deal mix threat incent new york time,0
goldman sach america must elect hillari clinton,1
victori establish nationalist surg predict eu follow trump victori,1
princ die without accord court document file sister new york time,0
first rise u death rate year surpris expert new york time,0
jimmi carter make stand solar decad cardigan sweater new york time,0
flu shot greatest medic fraud histori,0
hama sentenc two palestinian death drug smuggl,1
syrian war report novemb egyptian offic arriv syria,0
europ uber transport servic digit platform new york time,0
physicist say conscious consid state matter non physic real,0
woodward warn smug media trump probabl presid full term mayb even breitbart,1
divers advoc slam damn trump border reform breitbart,0
isra minist urg greater west bank land theft,1
u basketbal alreadi cruis rio take court new york time,0
kilo richtig fein zeug polizei stellt exzellent marihuana sicher,1
rand ahca first time gop support deplor practic subsid insur compani breitbart,1
rep steve king violenc appear street come left breitbart,1
airstrik yemen kill civilian wit say new york time,0
liber answer breitbart news lose ceo even launch breitbart,1
charg phone overnight new york time,1
victim seek merci wall st scion defraud new york time,0
trump keep promis ensur america energi independ first day,0
market weather itali referendum result bank vulner new york time,0
comb populist steve bannon found man donald trump new york time,0
hillari clinton tim kain debut ticket battleground florida new york time,0
gop sen lee would say scotu offer breitbart,1
school nurs room tylenol bandag antidot heroin new york time,0
sourc rage rule elit protect consequ domin,0
foreign shore russian base syria,0
new presidenti action lobbi ban defeat isi plan nation secur council reorgan breitbart,1
obama appli polit asylum moneygal,1
washington c insid say obama might disclos ufo truth januari,0
self proclaim truth czar creat list fake news site control mind,0
nato buildup russian border largest sinc cold war,1
hillari clinton tel aviv carbon dioxid thursday even brief new york time,0
non profit yale magazin taunt ir editori endors hillari clinton,1
toronto film festiv call black film new york time,0
former miss finland accus trump sexual assault bring number accus,1
liber past rise moral clariti,0
ann coulter conserv weigh outsid replac comey breitbart,0
republican parti final set free grip bush crime famili phoni,1
bear bewar hit one highest level past year,1
britain resum share bomb intel us leak breitbart,1
satan natur modern cult ure,0
michael moor admit women ever melt ice cap bomb american histori,1
smart meter case testimoni pennsylvania public util commiss one want acknowledg emf damag part,1
trump counti vote obama,1
kansa republican mailer ask voter met new neighbor muslim terrorist neighbor,1
portrait georg michael fill show pitfal fame quiet generos new york time,0
fed born illeg one year would fill citi size orlando,1
financi crack nomi prin warn system crash time crash harder,1
real tuna sushi way track fish new york time,0
brussel polic offic stab potenti terrorist attack new york time,1
california nation guard member pay back bonus,1
save american polit,0
illeg alien support group forc border patrol get warrant,0
hundr arm polic descend water protector tri reach dapl site,1
highlight judg gorsuch confirm hear new york time,0
gatorad shake sport drink go organ new york time,0
least shot fatal chicago christma weekend new york time,1
newstick,1
pic riot continu franc alleg polic rape,1
world wildlif fall year,0
u cyberattack target isi new line combat new york time,0
trump last campaign day spent fit much racism possibl,1
democrat republican join forc condemn comey partisan smear,1
sonntagsfrag wer soll n chster bundespr sident werden,1
travel ban queen elizabeth netanyahu morn brief new york time,0
health bill would add million uninsur save billion report say new york time,0
mike penc campaign plane slide runway land laguardia airport,1
video show swerv truck moment deadli church bu crash,1
think tank scholar corpor consult depend day new york time,0
pak pm nawaz sharif announc demonet high valu pakistani currenc,1
justic depart reach deal mississippi counti prison reform new york time,0
donald trump summon tech leader round tabl meet new york time,0
donald trump invad scranton hope wrest pennsylvania democrat new york time,0
eleven madison park plan makeov summer pop new york time,0
new world order melt heat contradict,0
wikileak confirm clinton complicit murder ambassador steven css print alleg four year ago,0
ay dame captan fen meno paranormal en la c mara de la muert de una c rcel abandonada video,1
wall street pentagon pre matur polit militari ejacul inform,0
putin trump win massiv defeat new world order,1
turkey interrupt u air mission isi major base new york time,0
end sight execution kill iraq,1
hgtv fan eager take seminar flip flop host end get total scam,1
trump budget cut put struggl american edg new york time,0
turkey round erdogan polit oppon crackdown widen,1
rotherham child rape victim author noth told mention ethnic attack breitbart,1
feder appeal court strike north carolina voter id requir new york time,0
defens secretari halt forc repay enlist bonus,0
berkeley kent state,0
canadian victim london attack die fianc arm,1
battl aleppo accord nato gcc media,1
obama jump file regard illeg pardon,1
beetl name honor xi jinp china aim squash news new york time,0
il dipartimento di stato equipara resistenza imperialismo terrorismo,1
trump support texa protest civiliz jihad,0
nbc attack trump switch iphon secur reason breitbart,1
media tri blame donald trump gianfort montana breitbart,1
diy learn make power natur antibiot ever kill infect bodi,0
trump arriv israel presidenti trip holi land,0
birth bump feel like born wrong famili,0
lever power flush vote memori hole,0
steve quayl econom collaps world war u elect,1
state approv recreat marijuana nationwid next,1
ghost ship invis oakland die new york time,0
memo comey keep damn hand elect,0
comment christian priest germani pelt stone children shout allahu akhbar dr eowyn,1
l u fire le mile failur program would love experi new york time,0
red alert china offici order citizen prepar ww tension unit state boil,1
trump nato pay breitbart,1
court strike obama health care rule insur standard new york time,0
pharrel william life becom movi music atlanti new york time,1
bill cosbi testimoni drug evid sexual assault trial judg rule new york time,1
dave chappel crash chri rock show say trump gonna save america accid,1
miss world contest challeng china allow speak new york time,1
foreign affair confront trump popul,0
kevin annett review past year itcc oct th video,1
bride groom kitten death part new york time,0
exclus heritag ed haislmaier gop health care bill damag control obamacar breitbart,0
question melania trump speech set finger point new york time,0
buffi vampir slayer reimagin fan new york time,0
buchanan russiag known crime commit leak media,1
inferno overpopul myth,0
republican syria geert wilder wednesday even brief new york time,0
hillari clinton campaign call donald trump star david tweet anti semit new york time,0
rate moodi verbessert ausblick f r russland banken,1
rt reach billon view youtub,1
trump presid alt market predict outcom five month advanc,0
tend live dead battl torn afghan citi new york time,0
gravit wave detect confirm einstein theori new york time,0
food poverti million american struggl put food tabl obama econom scheme collaps,0
grey white helmet backer,0
fbi give clinton anoth pass trump claim protect rig system,0
andrew maguir paper gold market trade jaw drop tonn one day,1
reuter vice admir harward trump pick nation secur advis breitbart,1
rig elect video iv k wire transfer beliz return,1
kassam rip command handkerchief farewel address,1
presid trump want wall mexico new york time,0
hillari respond creepi joe biden caught grope dozen young women,1
betr gt ritter sport fleisch einhorn schokolad offenbar nur vom pegasu,1
enough italian prime minist threaten crippl eu unless stop mass muslim migrat,1
raw shot fire refuge escap burn deport center istanbul,1
obama put syria arm length carnag drag new york time,0
despit ask sport writer vow never play golf donald trump breitbart,1
day scientist destroy breast cancer tumor without chemo,1
know trump order dismantl clean power plan new york time,1
casey affleck thank dress new york time,0
aleppo donald trump pakistan thursday brief new york time,0
see dem accept foreign cash disrupt trump ralli,0
butt hurt cri hillari voter compil,1
donald trump trash media epic long press confer breitbart,1
free speech sieg ucla conserv professor tri save job breitbart,0
john leguizamo first time face hostil audienc kid new york time,0
trump walk fame star smash sledgehamm video,1
multipl tour war oversea struggl home new york time,0
washington recruit al qaeda help oust assad syria,1
fukushima radiat contamin entir pacif ocean go get wors,1
deep brazil amazon explor ruin ford fantasyland new york time,0
russia test stealth hyperson nuke capabl wipe texa franc,1
nato put troop high alert world war come,1
michigan allot million replac flint taint water pipe new york time,1
doj tri repeatedli kill fbi clinton foundat investig,0
film academi broaden vote pool oscar critic new york time,0
vatican rome jewish museum team menorah exhibit new york time,0
fox lose advertis sexual harass claim reilli new york time,0
view two side stand rock front line new york time,0
canadian launch constitut challeng ceta,0
lost pop orchestra tap pop cultur new york time,0
trump follow obama lead flex execut muscl new york time,0
hacker vandal harvard newspap site troll mark zuckerberg breitbart,1
confirm jeff session attorney gener curb gun crime chicago say nra ila chri cox breitbart,1
russia call war parti bluff,0
war make third world war instig declin imperi power,0
era muy buena gent enfermera acusada de asesinar pacient en canad,1
like trap categori hurrican new york time,0
negro itali want armani boss,1
job squeez chines trade voter seek extrem new york time,0
palestinian un envoy threaten donald trump keep promis move embassi jerusalem,1
facebook introduc anti reveng porn program breitbart,1
meet challeng urban farm,0
jerri brown ab reform put l want back street breitbart,0
rep desanti intellig committe absolut subpoena rice,1
north korea cite kim jong nam disput block malaysian exit new york time,0
obama say orlando gunman probabl homegrown extremist new york time,0
jacki chan fist furi oscar new york time,0
former paramount pictur ceo brad grey die,1
hear highlight session question link xenophobia new york time,0
facebook run german hate speech law new york time,0
wikileak may releas hillari delet email kim dotcom,1
eras trauma place like sandi hook new york time,0
unesco pass anti israel resolut despit tel aviv brickbat,1
cape cod landmark strateg retreat ocean new york time,0
utah lawmak pass measur call congress abolish u educ depart,1
fbi director comey address senat femal genit mutil case breitbart,1
comment ag lynch told fbi director comey go public new clinton email investig ann tenna,0
obama say colin kaepernick exercis constitut right new york time,1
,1
whether clinton trump tension escal china russia next u presid,0
fresno state cancel lectur class breitbart news report trump must hang tweet breitbart,1
bomber kill american u base afghanistan new york time,1
un muerto de kilo tapa bloquea la luz al final del nel,1
nintendo cut full year sale oper profit forecast,1
fox sport clay travi rip hypocrit nike equal ad nike treat everybodi equal breitbart,1
newstick,1
donald trump trademark campaign slogan keep america great,1
bust trump campaign chief behind fbi review clinton foundat,1
men found bomb chelsea identifi airlin secur guard new york time,0
geert wilder donald trump scotland wednesday brief new york time,0
unabl enter u still strand abroad new york time,0
email deepen crimin case flint charg may tough prove new york time,0
jacki mason plumber win oscar live without movi star,1
sheryl crow use deep medit stave fear trump apocalyps,1
hillari malevol matriarchi,0
reino unido retoma forma de jiadista na ria,1
matt lauer lose war battl candid new york time,0
lipstickittotheman trump resist lipstick lobbi fund plan parenthood,1
wikileak obama saudi agent,1
hillari high crime misdemeanor threaten constitut crisi,1
nbc baghdad bob fbi investig hillari frontpag mag,1
watch milo real time bill maher tonight pm est breitbart,1
wall street cheer joe biden smack hillari clinton vega never thought correct candid,1
inner earth agartha glow like movi avatar,0
ail obama health care act may chang surviv new york time,0
long primari carri cost hillari clinton money time new york time,0
terror suspect want join islam state gun jewish footbal fan,1
comment studi link gmo anim feed sever stomach inflamm enlarg uteri pig confirm dna genet modifi crop transfer human eat modern gnostic,0
health insur hope disrupt industri struggl state marketplac new york time,0
comment clinton addict privileg financi whistleblow explain happen economi marlen,0
exclus sean spicer presid trump take messag success directli america around inaccur filter mainstream media breitbart,0
pelosi pray donald trump presid success famili safe,1
roy cooper hold thin lead gov pat mccrori north carolina new york time,0
newli discov email relat hillari clinton case review fbi,1
see media bia enemi quit new york time,0
french polic defi union vote le pen,1
whistleblow accus venezuela issu passport terrorist cnn interview breitbart,0
wisdom book old testament,0
trump beat hillari trick,1
detail emerg global bank heist hacker new york time,0
islam state urg war west ramadan,1
jail time muslim migrant dump babi road left dead,1
geopolit russia egypt relat,0
subhuman savag isi shoot helpless disabl girl delay convoy,1
world jewish congress hit anti defam leagu cri wolf,1
biden regret presid breitbart,1
coulter kathi griffin victim biggest bulli countri breitbart,1
rodrigo dutert aleppo donald trump morn brief new york time,0
artist adrian gheni becam auction star new york time,0
exclus roger stone speech trump must stick agenda make one good refer fake news breitbart,1
iraqi armi seen ill equip retak mosul isi despit u aid new york time,0
project verita releas fourth video expos illeg contribut high level polit corrupt,0
report least three anti trump leaker identifi refer proper author expect fire soon,1
kid made vote presid school,1
well well well look knew along weiner sext underag girl,1
fed establish support program victim crimin alien,1
christian school punish pregnant student choos life breitbart,0
post elect roundup liberti,1
energi updat collect gridwork fluctuat,0
fu ing insan clinton aid freak hillari email messag releas wikileak,1
hell happen russia powerst explos naval base region helicopt land moscow street dead man found russian consul new york,1
marco rubio john mccain win primari florida arizona new york time,0
engin winter decept chemic ice nucleat ice boulder,0
chart day trump ralli dow mind diverg,1
nc trump support hang clinton effigi ralli say deserv prison video,1
brexit lock forc alreadi haunt global economi new york time,0
warn today,1
poll major american want merit base immigr,1
dump prom night hillari elect night meltdown,0
video three suspect attack beat rob man broad daylight philadelphia breitbart,1
laker famili busi spectacl drama continu new york time,0
phone lockdown enjoy show new york time,0
rise robot,0
govern lie movi,0
israel sent trump clear messag week elect,1
man freddi krueger costum crash halloween parti shoot peopl,1
fox news bill reilli call gun crime feder crime,0
polic two men found dead nyc central park span hour breitbart,1
big want nest egg new york time,0
ice fight back fake news crimin alien arrest,0
morn statu report know oregonfront nodapl vindic,1
illuminati banker unveil method control,0
john oliv return complet nihilist new york time,0
top scari list ghost replac trump,1
confirm deni andr leon talley new york time,1
comput programm come forward admit paid rig vote booth trump right usa newsflash,1
across countri republican push rein protest new york time,0
trump issu new travel order instead fight case court new york time,0
man caus scare nevada trump ralli list wikileak podesta email,1
putin valdai speech outstretch hand revolut west,0
dunk name n b fan mind yet new york time,0
alzheim diseas new york time,0
speaker paul ryan lay tax reform plan,1
reader refer us englishman pat condel brexit trump elect america moment truth,1
eight clown jabber next time pleas spare us pecksnifferi,1
report top groceri chain fail pollin protect,1
hillari unpopular pay youth voter fabric ralli,1
exclus excerpt congressman ken buck drain swamp washington corrupt wors think breitbart,0
notr dame student complain mike penc announc commenc speaker breitbart,1
cnn fake news protest pick steam follow leftist attack gop lawmak staff,0
un amnesti investig human right violat stand rock,1
mar lago neighbor discov cost trump visit new york time,0
much silenc much found new york time,0
explod e cigarett engulf man flame cctv footag,1
nypd ny fbi caught massiv cover,1
photo texa firefight comfort children goe viral,1
alaska reliant air transit face pilot shortag drone answer new york time,0
ex fbi assist director call clinton crime famili claim foundat cesspool,1
shia labeouf arrest anti trump art show new york new york time,1
wealthi peopl refus give donald trump money new york time,0
peopl sign petit ask elector colleg pick clinton presid instead trump,1
union seek higher tariff u import raw aluminum new york time,0
watch california cop rob everi penni innoc famili includ children,0
seven suggest presid elect trump,0
cast polic offic often hire citi new york time,0
bob dylan musician america great one man songbook new york time,0
tennesse prison host program help inmat becom better father,1
worker pay health care compani shift burden survey find new york time,0
drama protest complac danger new york time,0
syrian armi crush terrorist offens near damascu video,1
trump white peopl,0
isra support donald trump ralli jerusalem forev event israel capit citi,1
hillari clinton million obama bribe becom us secretari state leak fbi,0
visa ban amend allow iraqi interpret u new york time,0
uncollect pallet wonder wrong,1
feder greek women statement visit obama,1
dml provid stun analysi predict trump win presidenti elect,1
wolf richter done overcapac stagnant world trade china korean shipbuild collaps top taxpay,0
packer patriot steeler falcon edg new york time,0
soro intensifi fund riot unrest plot resist trump behind close door,0
risk higher front seat passeng u v crash test show new york time,0
wikileak hillari team exploit shoot black teen push gun control,1
picki eater grown new york time,0
trump elizabeth warren run presid dream come true breitbart,1
amid trump effect fear colleg see dip foreign applic new york time,0
claim mention brexit caus hate crime parliament committe told,1
free tool keep creepi onlin ad watch new york time,0
jihad watch robert spencer candid hillari warn muslim immigr sometim,1
,1
rick perri accus texa ampm disqualifi student govern elect winner name divers breitbart,1
natur ultim cure,1
dalla polic social media fuel surg drive shoot,1
amid fistfight turkey parliament back new constitut new york time,0
mexico govern warn u build border wall,0
us navi iran give terrorist missil fire us ship,1
democrat vice presid white minor one els,1
zumwalt obama russian hack shell game breitbart,0
butter swordfish finicki kid plenti sauc adult new york time,0
wider racial gap found cervic cancer death new york time,0
afghan forc push taliban kunduz center offici say new york time,0
feder elect commiss fec anoth exampl lazi corrupt agenc,0
final got paid readi play new york time,0
judg invent new reason obstruct donald trump popular immigr reform breitbart,0
dc swamp goe crazi jame comey hear breitbart,1
act ag salli yate justic depart defend trump immigr order breitbart,1
hillari clinton win mother would nervou new york time,0
gaiu publiu tpp monopoli protect scheme exact opposit free trade deal,0
berkley professor claim hillari clinton email investig noth sexist bitch hunt,0
trump far right leader zionist stoog,1
nueva sancion europea contra la rep blica rabe siria,0
regul fear billion coal cleanup bill new york time,0
hillari clinton campaign manag put credibl leak decoy detract truth,1
founder burger fri coupl wiseguy new york time,0
washington post fake news russian vermont power plant hack,1
elect heat kerri head pole antarctica wtf,1
watch alec baldwin trump face th circuit judg peopl court parodi breitbart,1
polit era climat refuge,0
vice emperor penc plane skid danger runway,1
oliv stone trump russia connect path lead nowher,1
estonia caution surpris cheer trump victori new york time,0
men bet would fail run billion fund new york time,0
sad evolut educ sum one meme,1
write tv age trump showrunn reveal new york time,0
philipp dauman lost battl viacom new york time,0
anthoni weiner alleg teenag sext victim pen scath open letter fbi director comey,1
video enemi within must see film,1
must listen david ick special lectur archon octob,1
buri children syrian father grief new york time,1
elect current vote battleground state,1
snap price p share valu compani billion new york time,0
uk involv us secret drone war reveal,1
sea charter school detroit leav student adrift new york time,0
never deni israel right jerusalem templ mount,1
happen elect,0
alabama human guinea pig burn peopl aliv death row,0
media head explod citi biggest polic union award sheriff david clark man year,1
pro putin parti show strength russian parliament elect new york time,0
jewish report got ask trump question go well new york time,0
women iceland leav work earli protest countri wage gap,1
new video appear show congoles soldier shoot civilian new york time,1
epa scott pruitt follow promis meet governor establish trust breitbart,1
golden globe red carpet fantasi vs realiti new york time,0
dream die refuge verg come u trump close door new york time,0
donald trump republican parti daylight save weekend brief new york time,0
underr altern energi option find home,1
dh author hire k immigr offic,1
franc oversea territori kick key presidenti vote,1
move rat new york plan underground park new york time,0
insid invis govern,0
north carolina governor sign law limit successor power new york time,0
singer russian militari choir among fear dead plane crash black sea new york time,0
obamacar architect admit law work design premium spike,1
russia warn us total breakdown fbi notifi obama hillari email found,1
aboard u eye sky stare isi iraq syria new york time,0
independ tilt decis trump,1
spaniard exhaust polit warm life without govern new york time,0
u senat unload may world largest money launder influenc peddl oper video,1
amazon increas robot workforc breitbart,1
worri disbelief yemeni american commun brooklyn new york time,0
rise shame baylor nation new york time,0
nato russia hold parallel drill balkan,1
polic investig racial slur spray paint lebron jame l home,1
king arthur first summer bomb film track debut,1
guilti power nullif counteract govern tyranni,0
novemb daili contrarian read,1
earthquak hit itali shake rome ancient ruin includ colosseum pantheon,1
trump support brutal attack gay man california,1
poll american voter approv republican healthcar plan,1
nate terani one veteran war islamophobia,1
damien hirst alien collector new work win back new york time,0
monkey could talk brain new york time,0
hama member admit live tv palestin never exist,1
dni insid leak classifi inform signific threat trump breitbart,1
quincea era rite passag transit new york time,0
go away come back corner yorkshir almost white resid,0
clinton scandal avalanch bombshel numer cover unspeak mention,0
reason trump promis tax overhaul easi new york time,0
third place auction world phillip make stride new york time,0
hezbollah tie men bust plot attack new york panama,1
realli want corrupt,0
chuck berri rock n roll pioneer die new york time,0
top doctor chemotherapi one dozen procedur shown give benefit,1
lose fortun often come one thing famili new york time,0
father commando kill yemen refus meet trump new york time,0
video hacker expos hillari bond girl huma abedin wife lover spi,1
wake steve curti jame rickard road ruin,1
polic report migrant crime drastic increas,1
spice colombian melt pot new york time,0
deray mckesson arrest protest baton roug releas new york time,0
gennif flower debat make point say team trump new york time,1
comparison golden state warrior play differ game new york time,0
even democrat voter trust hillari,1
wikileak claim c hack vulner smartphon new york time,0
fortun yahoo marissa mayer despit sec investig,1
donald trump accept nomin public domain,1
hillari clinton un elektronik postalar cemaat yazan thierri meyssan,0
toddler parent rush hospit london acid attack,1
thousand flee aleppo syria govern forc advanc new york time,0
privat equiti found power profit state capitol new york time,0
honor player discov unlock would cost year playtim breitbart,1
led light may compromis health,0
turk agre one thing u behind fail coup new york time,0
brexit prompt mani british c e consid reloc survey find new york time,1
rand paul syria strike think unconstitut breitbart,1
world tallest church erod urin revel,1
milo take face reenact infam uc davi pepper spray breitbart,1
love hate anderson cooper put rd degre burn newt megyn kelli sex insult,1
mind bodi play n f l new york time,0
ray rice appear nfl social respons train video breitbart,1
trump everyth rate new york time,0
thousand buffalo appear site stand rock protest watch,1
pictur trump visit western wall church holi sepulch jerusalem breitbart,1
dutch elect pyrrhic victori mainstream parti cling power,1
despit failur north carolina boycott ncaa renew game ban bathroom bill breitbart,1
french colleg student came america famili nine year ago europ becom danger live mass muslim migrat,1
ceta canada challeng eu chemic regul time,1
thing learn hillari clinton wikileak msm share,0
superpow rise implement tsardom congress vienna,0
bloodbath layoff espn breitbart,1
unesco anti israel bia,0
educ dept pick rais fear civil right enforc new york time,0
video oklahoma commun gather mourn newborn babi found dumpster breitbart,1
republican reveal alreadi plot year hillari investig,1
thiev plow texa gun rang steal weapon,1
kuwait copi trump travel ban quit new york time,0
vote machin problem report america,0
climat emerg north pole see record temp melt ice despit arctic winter,1
german local author halt pro erdogan islamist ralli,1
lunch founder pursu less travel path app success new york time,0
limbaugh virginia shooter personif lunat fring base derang base democrat parti breitbart,0
al nusra link radic islamist raid germani uk,1
anna dewdney die author llama llama book new york time,1
,1
syria neil gorsuch stockholm friday even brief new york time,0
egypt say trace explos found bodi pari flight new york time,0
sale cond nast treasur new york time,0
latest clinton unveil anti bulli plan,1
hillari communist spi alex jone dave hodg global research,0
bombshel new detail destroy republican hope fbi clinton email investig,1
hillari promis end violenc civilian disarma,0
china help aung san suu kyi peac talk myanmar new york time,0
mph hurricain caus massiv urban renew aberystwyth soon,1
g p urg donald trump broaden outreach black voter new york time,0
total desper set presid obama play woman card,1
gay lesbian high school student report heartbreak level violenc new york time,0
democrat ask hillari clinton step spotlight breitbart,1
snowden journalist threaten class era mass surveil,1
exclus rep bridenstin shoot next one mr presid breitbart,0
differ bill cosbi past hillari husband discuss podesta email,0
ahmad rahami fixtur famili busi late complet differ person new york time,0
nation geograph film crew accus bait shark southern california breitbart,1
wikipedia founder move beg london street,1
age popul increas elder alli fight social support,1
econom fail,0
comment brother clinton campaign chair activ foreign agent saudi arabian payrol marlen,0
million marin mammal mistak ocean trash food boyan slat solut,1
hillari bizarr spanish birthday bash tell illeg alien secret messag,0
afghan gener nice work get mani new york time,1
jann wenner de retract sabrina rubin erd roll stone articl,1
hope best prepar worst look insid american redoubt movement,0
prep budget food dehydr,0
timelin mike flynn controversi breitbart,0
break border patrol agent found serious injur side roadway attack,1
syrian refuge germani get k annual benefit take care,1
juli taymor direct clive owen butterfli new york time,1
break fbi director comey feder investig hillari smear,1
conway dem time cri weep airport vote trump nomin breitbart,1
jail egypt honor photojourn new york time,0
oscar ava duvernay laud mideast christian stronghold lebanon major muslim breitbart,0
planet nine,1
sheriff arm mental prepar make terrorist defend live chang breitbart,1
germani ban cultiv gm crop eu opt law,1
rememb presid john f kennedi video,0
iran launch advanc rocket militari exercis,1
repres govern thugocraci,0
offiziel friseur de wei en haus erlitt wahlabend nervenzusammenbruch,1
tini home ban u increas rate govt crimin sustain live,1
primat speci threaten extinct scientist find new york time,0
expect suprem court showdown immigr new york time,0
cop ambush iowa,1
fallout fbi new crimin investig alreadi begun,1
disney investig h b abus say fed,1
donald trump win war cnn,1
address cuomo posit new york polici answer trump new york time,0
u consul offici shot wound mexico new york time,1
support saudi arabia give u direct role yemen conflict new york time,0
cia unveil new rule collect inform american breitbart,1
took less hour eric trump break law elect day,1
hillari clinton reduc model shoe kati perri breitbart,1
guy explain entir bibl one post nail,1
hillari aid huma abedin undeni tie terrorist funder,1
limbaugh swamp got trump play swamp game trump elect breitbart,0
n f l new england patriot beatabl cowboy mayb new york time,0
modi effect facebook abolish fake troll account user transfer content till st dec,1
hillari clinton campaign collaps,1
teacher accus sex underag student grin mugshot,1
trump obama gwen ifil monday even brief new york time,0
britain favor brexit chang come slowli new york time,0
syrian live syria never revolut civil war terrorist sent govern,0
un expert israel entrench coloni style regim west bank,1
,1
program hate,1
trump weigh senat slide toward showdown neil gorsuch breitbart,1
assad must stay us polici shift syria,1
controversi british comment kati hopkin upset cnn host call network blatantli bias promot hillari clinton,1
good cop dead cop say alleg pa cop killer,1
american dream revisit,0
scandal video footag anonym expos huma hillari,1
dress like adult new york time,0
bric muss sich us finanzkrieg stellen von ariel noyola rodr guez,0
donald trump repel minor voter g p fear futur west new york time,0
antichrist fals prophet,1
russia concentr putin new polici activ defens,0
agent accus fed cover record border detaine number elect,1
baghdad car bomb kill score shiit neighborhood new york time,1
system failur establish,0
richest rich new york time,0
comment donald trump deliv power polici speech first day offic trump power money vineyard saker,0
breitbart expos white hous visitor log transpar con breitbart,1
ted cruz announc support donald trump new york time,0
dozen say christian leader made british boy bleed jesu new york time,0
human lacuna ken loach daniel blake,0
fuck hero check stand rock,1
duel demonstr lax trump travel restrict breitbart,1
whistleblow andrew maguir commerci bankster gold market,1
sir john chilcot begin twenti eight year long inquiri brexit mean soon,1
elon musk predict human soon merg machin breitbart,1
merkel regul real estat loan,1
liverpool fan sign petit end premier leagu earli season,1
valentin day start roman parti celebr execut new york time,0
aoun appoint presid lebanon,0
john pilger truth one vote,1
hous republican leader fear evan mcmullin may spi breitbart,0
jew shielder gavin mccuck rekt jew hate femal shitlord,0
anger victim law saudi rethink u allianc new york time,0
peter brimelow steve curti eastern,1
exclus ex gitmo warden disgust obama releas detaine,1
look remark chart public dump stock th largest outflow past year,1
latest spirit christma replac everi man soon,1
attack coptic cathedr cairo kill dozen new york time,0
fbi debunk hillari conspiraci theori trump russian agent,0
rage inferno ten thousand evacu offici suspect arson wildfir spread across israel,0
baton roug polic shoot know new york time,1
get readi civil unrest american concern elect violenc,0
democrat bad midterm turnout seem readi chang new york time,0
dodg facial recognit softwar,0
geraldo rivera donald trump come close obstruct,1
woman stream boyfriend death polic face unrel assault charg new york time,1
sleepwalk new cold war pentagon style,0
actual list fake news media journalist expos wikileak,1
three charg suppli arm charli hebdo attack,1
legaci david letterman icon grizzl gener new york time,0
chief justic roy moor reincarn spirit founder,1
clint eastwood thank america truthfe,1
hillari clinton poison american polit,0
stand rock trump renzi monday even brief new york time,0
fierc homeless woman guard trump star futur vandal flash trump worthi reason,1
deterior interraci relat barack obama presid,0
trump hotel see yuge surg book histor win truthfe,1
gord downi frontman tragic hip final act new york time,0
battl miss saigon yellowfac art opportun new york time,0
n f l concuss settlement payment begin suprem court defer new york time,0
alien contact scientist think satir video,0
audio captur hillari clinton propos rig palestin elect,1
twitter appoint debra lee ad divers board new york time,1
hous new player spiral bank old mistak new york time,0
caught tape isi destroy iraqi abram anti tank missil,1
wikileak neera tanden said team hillari want get away recommend harsh punish,1
torch wield mob democrat villag grab pitchfork go jame comey,0
place unsettl rapid demograph chang drawn donald trump,1
virgil environment protect agenc next stop guid tour deep state covert resist trump,0
put mark world new york time,0
judg warn trump campaign voter intimid ohio,1
russian prankster trick poroshenko hour call fake presid kyrgyzstan,1
donald trump sworn presid cap swift ascent new york time,0
un dalt nico cree tener el r cord mundial de cubo de rubik,1
gun control chicago thiev break car top cop,1
haarp assess understand hurt,0
bridget nielson gigi young et starse hybrid children video,1
poet idol new gener feminist new york time,0
rogu journalist octob gift hillari campaign sure wait open,1
smithsonian refus includ judg black museum normal peopl opinion,1
dh paus fast track h b approv six month breitbart,0
pelosi call fbi investig find russian donald trump breitbart,1
russia announc plan catastroph new missil prepar clinton victori,1
god chosen trump,0
turkey tumbl crackdown sweep busi financ imperil economi,1
danger polypharmaci ever mount pile pill new york time,0
former cowboy toni romo line behind golf ball fail us open bid breitbart,1
get good deal flight upgrad new york time,1
let talk millenni get flu shot new york time,0
dalla attack hundr applic answer call backup new york time,0
us commenc plan domin grand area globe wwii,1
exclus audio jacki mason trump jewish,1
lyft said seek new fund rival uber stumbl new york time,1
jim harbaugh gridiron ambassador europ explain foot footbal breitbart,1
us uranium weapon use syria,0
virginia gov terri mcauliff stand plan parenthood,1
dni homegrown jihadist remain frequent unpredict terror threat u,0
sean hanniti interview mike penc obama claim elect fraud mr trump recommend everyon watch clip,1
man mow lawn tornado keep eye breitbart,1
trump unveil high power well heel busi council invit filipino strongman white hous new york time,0
go extinct ancient time modern medicin,1
rap trio migo crack code hit one drop time new york time,0
employ urg prevent zika infect work new york time,1
guardian go friggin nut calai,1
breitbart bash adl announc command center combat hate onlin,0
walk dead back question second half premier new york time,0
swedish polic offic torn patrol car riot,1
diplomat confront new threat pari climat pact donald trump new york time,0
nyt trump chang parti reagan america first parti,1
iraqi command saudi arabia mother terror,1
swarztraub trump fcc alli consum rather regul everyth,1
visit mcdonald grandmoth new york time,0
empir file insid palestin refuge camp,1
flynn said talk russian sanction trump took offic new york time,0
leader argu south korea find china longer easi sell new york time,0
us move isi fighter iraq syria toppl assad,1
trump call closer relationship u russia new york time,1
turn instagram radic unfilt travel guid new york time,0
prepar credibl threat elect day,1
charli sheen trump look forward impeach,1
jewish student driven berlin school threat violenc muslim classmat,1
trump pelosi think incompet actual breitbart,1
tip reduc food wast new york time,0
happi halloween witch could save planet,0
daniel j berrigan defiant priest preach pacif die new york time,0
nikki haley grill u n human right council venezuela chronic anti israel bia,1
polic violenc escal provocateur infiltr stand rock nodapl protest,0
debat candid tri go viral new york time,0
ghostbust review girl rule women funni get new york time,0
governor mansion queer danc freakout protest bathroom bill,1
loudonclear tonight special guest tim burton,1
putin plan collect former us alli could end american empir,1
conway chuck todd go rethink relationship breitbart,1
buy use car auction know could kill new york time,0
trump immigr order mark worst day sinc japanes intern say seattl mayor,1
f b say need hacker keep tech compani new york time,0
geoengin watch global alert news octob,1
novemb daili contrarian read,1
six nato nation eager increas black sea presenc stoltenberg,1
bill de blasio speak funer man kill racist attack new york time,0
trump institut offer get rich scheme plagiar lesson new york time,0
muschniwogdowi day busi usual,0
inquiri open network marin share illicit imag femal peer new york time,0
feder judg block trump immigr order nationwid breitbart,1
shatter revel clinton campaign hatch russian hack narr hour hillari loss,0
privat get rid passport resolv immigr,0
beach club queen everi summer new york time,0
north dakota pipelin cell servic black violenc protest increas,1
friday mailbag measur crowd malign region new york time,0
emot men master,0
ron paul america vote want secret govern chang,1
review manchest sea tide grief new york time,0
video donald trump access nation valuabl intellig,1
twitter bar milo yiannopoulo wake lesli jone report abus new york time,1
organ take care backyard appl tree,1
trump davo martin luther king jr weekend brief new york time,0
broken let break california set let public school teach primarili spanish,1
photo mexican cartel execut man broad daylight near texa border,1
ld church new mormon gay websit win cheer jeer ignor controversi polici,1
white hous back brazil reveal leak debat question clinton campaign,1
merkel pay migrant million leav germani,1
shot show karl malon show respect call presid trump breitbart,1
immigr agent came knock new york time,0
northern sea rout new prospect pacif rim new eastern outlook,0
collus facebook hillari campaign reveal clinton email,1
immunotherapi basic cancer treatment new york time,0
michael flynn harsh judg c role new york time,0
second amend foundat alexandria shoot result democrat hate speech breitbart,1
exclus terrorist attack britain say mi chief,0
paul manafort quit donald trump campaign tumultu run new york time,0
dark side mandelbrot set video,1
travel discount cyber monday new york time,1
report depaul univers ban gay live matter poster gay report lectur radic islam breitbart,1
donald trump bankrupt atlant citi casino still earn million new york time,0
damn hillari dem love hate relationship jame comey,1
glean trump alleg wiretap new york time,0
presid donald trump bring rain inaugur address,0
candid rise vow control islam immigr time franc new york time,0
pm water cooler,0
controversi propos nurs could expand access care veteran,1
communist terror small busi,1
cut tie donald trump big donor urg r n c new york time,0
egyptian court clear way hosni mubarak releas new york time,0
u babi boomer gentrif wreak havoc citi socialist ecuador breitbart,0
report probe netanyahu focus cigar champagn hollywood produc,1
stabl democraci warn sign flash red new york time,0
bad econom behind monopoli,1
downsid ride hail new york citi gridlock new york time,0
happen trump lose elect mean america,1
comment joan river know obama gay michel tranni open letter presid unit state america barack obama aladay llc,0
ten thousand march venezuela govern,1
sjw canada tri get prof fire say black peopl oppress,1
berni need ground pulp leak email john podesta februari,1
distract elect one resist deep state patriot act,0
power docudrama hidden rebellion expos christian persecut french revolut,1
guardian robot economi could lead genocid class war breitbart,1
comatos homeless closest friend pain new york time,0
isra envoy meet trump offici negoti settlement,1
falcon matt ryan name v p n f l new york time,1
elit famili behind hitler nazism nazi war machin actual american busi,0
kellogg latest mass layoff hit kansa citi,1
tech compani disrupt silicon valley restaur scene new york time,0
media shame journalist presstitut madam hillari clinton,1
liber explod vitriol notmysuperbowlchamp trend social media breitbart,0
kerri list obama era diplomat success trump oppos new york time,0
flee u asylum handcuf canada new york time,1
e u face next big test franc elect loom new york time,0
time noth,1
miami sun surf club solid art scene new york time,0
soda spill caus american airlin flight divert takeoff,1
left turn bob dylan pro israel view refus acknowledg nobel prize,1
india instal modern avion mi v helicopt,1
exclus sarah palin condemn sick audac kathi griffin trump behead photo breitbart,1
video unhing fail fox anchor megyn kelli attack mike penc truthfe,1
poll russian fear us syria russia standoff could spark ww,1
blame govern market monopoli,1
woman claim trauma sexual assault video game,0
hillari clinton expos classifi doc foreign maid,1
unsink debbi reynold new york time,0
clinton wikileak email go ahead look,1
taiwan presid accus china renew intimid new york time,1
hillari caught red hand fix foreign elect word audio,1
deficit hysteria invad presidenti campaign,0
new keef video leftist plan stink bomb deplorabal,1
donald trump unleash twitter support karen handel breitbart,1
nation islam leader loui farrakhan hate presid obama,1
israel impos two hour per week water suppli limit palestinian crime human,0
everyth trump design new york time,0
jet lag feel wors travel west east new york time,0
clinton campaign say fbi doubl standard podesta besti run new doj email investig,0
u admit airstrik syria meant hit isi kill syrian troop new york time,0
leak audio hillari clinton propos rig elect,0
puberti age new normal,0
milo dear netflix peopl stop race bait breitbart,0
pope franci goe forward egypt trip despit jihadist bomb,1
plane carri penc skid runway laguardia airport,1
break clinton clear coordin last minut trick energ hillari base percentfedup com,1
isra convict murder palestinian teenag new york time,0
iraq popular mobil cut daesh main suppli rout mosul,0
de mami un villag russ se lancent dan la fabric de caramel pour lipton,1
sydney h schanberg die time report chronicl khmer roug terror new york time,0
magician want break magic new york time,0
dalla shoot open carri law loom cleveland convent plan new york time,0
cnn contributor blame breitbart white hous london attack breitbart,1
energi updat stargat activ quicken occur,1
elect countdown russian trevor loudon,1
next new york subway toronto alreadi know new york time,0
death penalti case tim kain reveal inner conflict new york time,0
vortex structur water video,1
watch melissa mccarthi return spicer easter bunni costum breitbart,1
rabbi complain pope franci daili use anti jewish rhetor,0
courier china e commerc boom tough road new york time,0
cnn drop kathi griffin trump behead photo,1
trump would beaten obama,0
hillari perfect corrupt system,1
link,1
north korea accus cia south korea bio chemic assassin plot breitbart,0
mark cuban event donald win doubt market tank realli happen video percentfedup com,1
colleg cost much n u pave way graduat faster new york time,0
russia demand explan us hack entir russian infrastructur,1
biggest supermoon sinc israel becam nation happen day elect,0
foreign long mine indonesia outcri new york time,0
break watchdog group say virginia prep mass voter fraud truthfe,0
watch rapper waka flocka flame wipe butt trump jersey,1
spare swipe new york citi eas rule subway request new york time,0
watch trump grope humili miss univers get reveng,1
gloomi egypt see intern influenc wither away new york time,0
dh kelli drop like approv h b worker expans studi issu breitbart,0
feel deep sens remors donald trump ghostwrit say new york time,0
samsung leader indict briberi charg new york time,0
hillari clinton syria world anti dope agenc tuesday even brief new york time,0
six miracl drug big pharma regret truthdig,0
abbi martin expos hillari clinton chair john podesta,1
dad tweet halloween young daughter brilliant,1
michael flynn resign know new york time,1
select outrag splc anti muslim extremist list,0
homeless woman protect trump hollywood star get attack big fat guy,1
chip technolog keep check luggag check new york time,0
car bomb kill peopl south iraqi capit,0
polic facebook live murder suspect steve stephen kill pursuit breitbart,1
small town attack african arab men use stolen tool terroris local,1
trump record narrow divid sexual assault new york time,0
heavi rain spawn california wildflow super bloom seen space breitbart,1
reason jeff session witch hunt ridicul breitbart,0
call trump moscow favorit nonsens creat media putin,1
north carolina republican su rig elect trump,0
jane roe roe v wade abort decis die texa facil,1
wikileak drop bombshel clinton email next two day clinton camp quiver fear,1
grey anatomi star jess william trump pig,1
russian agent behind yahoo hack u say new york time,0
trump help california dodg jerri brown bullet train breitbart,0
saudi king shake govern econom plan move forward new york time,0
donald trump risk alien militari commun swing state new york time,0
colleg student run food pantri dorm help schoolmat,1
clubber lament demis fabric totem london danc scene new york time,0
vatican silent unesco war jerusalem,1
anti trump voic amplifi internet violent result new york time,0
michael moor owe,0
choic trade negoti trump prepar confront mexico china new york time,0
marin le pen sharpen attack emmanuel macron french debat new york time,0
julian assang claim hillari clinton fund isi backer damn leak,1
codesod repeat delet,1
david duke win louisiana debat landslid despit blm riot,0
appetit action tax reform,1
final open shirt shop rok gear,1
unit nation elect saudi arabia women right commiss breitbart,1
tim tebow attempt anoth comeback time basebal new york time,1
war peac,0
donald trump probabl stanch loss seem gain new york time,1
us undermin daesh fight get foot syria,1
minut kellyann conway new york time,1
grim logic behind syria chemic weapon attack new york time,0
drug induc abort increas unit state,0
rank polit prison grow democraci ebb venezuela new york time,0
men runway thread dissent new york time,0
neighbor smell smoke muslim home see window horrif,0
crystal clear agreement endur subordin manlio dinucci,1
question friend reveal lot class divid new york time,0
studi call snub obama suprem court pick unpreced new york time,0
think tank amplifi corpor america influenc new york time,0
krauthamm gorsuch filibust total illog move fuel trump derang syndrom breitbart,1
pressur taliban leader make afghan issu complex,0
toronto polic forc hire saudi born radic islam fundamentalist muslim chaplain,1
cyru mistri speak say tata remov hurt much punni headlin,1
massiv bond bubbl implod trigger major move gold silver canadian dollar,1
democrat socialist america tripl membership sinc trump breitbart,1
new strategi left wing student schedul altern speaker counter milo event breitbart,0
invas mexico step,1
david duke donald trump alt right,1
root battl neil gorsuch start new york time,0
univers lethbridg indic canada downward spiral interview prof anthoni hall,0
matti u posit work russia,1
doubt promis bounti genet modifi crop new york time,0
mexican cartel kingpin el chapo guzman extradit u,1
reuter releas fake poll clinton lead point,1
hous g p signal break trump tariff threat new york time,0
instaweek le mond extraordinair de poup es minuscul,1
let counterpunch go smoke,0
israel fli car passeng drone move closer deliveri,1
trump tell media secret obama stori behind elect,0
feminist alic walker muslim scholar ignor problem femal genit mutil breitbart,0
white hous increas overtim elig million new york time,0
pejovich america appli extrem vet white christian refuge breitbart,1
call outer space cosmic wrong number new york time,0
florida decept solar initi back util compani lose support,1
exclus star born rep claudia tenney celebr memori day roll thunder ride rex tillerson breitbart,0
youtub ban clinton black son,0
melania ivanka trump forego headscarv saudi arabia breitbart,1
freddi gray die rough ride prosecutor assert new york time,0
benjamin netanyahu question israel graft inquiri new york time,0
writer strike avert onlin make big hollywood irrelev breitbart,1
south china sea australia consid joint naval patrol indonesia,1
pacto claro larga sujeci n por manlio dinucci,0
michael moor threaten dem block gorsuch face primari,1
cyberwar sale new york time,0
donald trump releas list possibl suprem court pick new york time,0
sunderland justic chelsey march protest alleg polic inact woman report migrant rape,1
time cnn fire donna brazil rig debat give hillari question advanc,0
path men took trump,0
chart indic may excel entri point silver,0
donald trump may broken law avoid pay feder incom tax,1
comment khizr khan special program sell us citizenship thoma moloian,1
three explos near borussia dortmund team bu one injur,1
super bowl awash polit social media field new york time,0
debt undaunt new york time,0
report listen delet everi voic record save amazon echo breitbart,1
hous republican close race worri trump problem may hurt new york time,0
slavehold control govern interview matthew karp,0
wikileak bombshel us elect,0
photo creepi berni sander pic hillari leak press,1
ebola victim rise dead africa,1
man sabotag trump agenda bureaucrat spark percent reduct feder workforc breitbart,0
left wing vegan deni swiss passport annoy,1
repeal afford care act back agenda republican say new york time,0
million live endang gallon pipelin spill,1
romania set first femal first muslim prime minist new york time,0
biggest muslim lie day white supremacist openli threaten elect day violenc fbi hassl muslim,0
trump spokesman confid wiretap evid emerg new york time,1
new investig hillari email utter bullsh,1
backstreet boy brian littrel celeb need chill trump,1
pope franci take backhand swipe trump rais wall label peopl,1
exclus islam state support follow coptic bu attack christian secur,0
iraq ban alcohol,1
franc promot peac initi despit isra opposit,1
donald trump first presid sinc reagan speak nra annual meet breitbart,1
kristen griest cours becom first femal armi offic train lead troop combat new york time,1
russia frigat admir grigorovich set syria,1
sen chuck schumer goe trump support fanci nyc restaur,1
u presidenti elect entir world confus,0
comey letter backfir email scandal reviv energ hillari clinton support,1
mari perri candid st congression district nevada,0
comment former us attorney dc new hillari email probe result revolt insid fbi tonya parnel,1
alert see particular vote machin,1
comment indoor garden made easi nutritow indoor garden made easi nutritow collect evolutiongarden busi news uk garden busi news uk,1
alabama reader pleas report jeff session read ann coulter,1
us alli openli mass huge armi russian border,0
help blow globalist plot steal presid make go viral,1
william bratton new york influenti polic commission step new york time,0
marmit surviv brexit spur tesco unilev price disput new york time,1
one undervalu storabl surviv food,1
milo book danger back sale soar amazon pass clinton sass breitbart,1
donald trump sweep state hillari clinton take new york time,0
harri potter curs child goe stage page saturday witch hour new york time,0
facebook plan new stock class solidifi mark zuckerberg control new york time,0
clinton insid confess trump protest pre paid soro riot stir unrest,1
fbi reopen clinton investig new email found comey,1
hillari henchmen tri silenc wikileak assang get sweet reveng,1
revers boston st patrick day parad welcom gay veteran group new york time,1
alex jone cover trump jewish mob tie isra press say ye sort,0
ban eu danger chemic american,0
grandmoth kill lay bare dilemma child welfar work new york time,0
break crook clinton special guest changedachannel,1
forget trump clinton charad time wake america,0
man injur central park explos new york time,1
china suspend coal import north korea new york time,0
berkeley revers decis cancel ann coulter speech breitbart,0
vol e oiseaux,1
claim epa offici use racist homophob threat prison rape,1
kushner famili talk buy miami marlin new york time,1
cnn tapper trump climat chang view big box crazi breitbart,1
obama hillari bu go,1
unemploy rise percent decemb million work forc breitbart,1
trump silent iowa cop killer identifi one white support,1
congress grow pair lynch plead fifth,1
tesla model suspens failur scrutini safeti agenc new york time,0
black live matter lose america respect polic surg,1
hillari clinton demand answer democrat call foul,1
marin le pen hail extrem posit dutch elect,1
espn ask man use photo tell treatment tom bradi breitbart,1
militia took wildlif refug acquit conspiraci weapon charg,1
salon get away deceiv reader offguardian,0
hunger game star gender whatev want,1
tom hayden courag warrior peac,0
,1
key point sarin volatil nerv agent new york time,1
fact check democrat creat twice mani job republican sinc,1
c tortur detail newli disclos document new york time,0
hidden influenc clinton trump religion new york time,0
mormon tabernacl choir singer quit trump inaugur,1
mark levin trump wiretap claim evid overwhelm breitbart,1
micah johnson gunman dalla hone militari skill deadli conclus new york time,0
donald trump adopt g p tax cut balk trade pact new york time,0
small town resid secret year fugit new york time,0
christo newest project walk water new york time,0
phoenix refus sanctuari citi statu,1
world war alreadi start ww urgent updat,1
diva depart ren e fleme farewel opera new york time,0
sigu yendo al gimnasio pese que ahora es un mcdonald,1
consult tie trump super pac promot voter suppress black femal voter,1
trump call edward snowden traitor impli execut,1
la estaci n de calatayud del ave ser un colch n al que saltar desd el tren en marcha,1
even pl cido domingo say mozart jungl new york time,0
russia hand us behind respons john kirbi video,1
donald trump execut order offici must identifi immigr applic support act violenc breitbart,0
murder inc white hous obama drone breakfast club,1
orlando kill rob young new york muslim cherish holiday respit new york time,0
helicopt money economist talk drop money sky new york time,0
honor trailer heart battl breitbart,1
stop pass dumb petit around ye one,1
trump appoint religi liberti defend roger severino head hh offic civil right breitbart,1
drone race becom espn newest televis sport new york time,1
militia libya advanc isi stronghold surt separ agenda new york time,0
mexico end soccer frustrat u soil new york time,1
franc close mosqu promot radic ideolog,1
pneumonia expert say clinton case new york time,0
colleg remov scale gym avoid trigger overweight student breitbart,1
unit state pre posit enemi asset prepar rig elect,0
amazon begin accept food stamp breitbart,1
clone real celebr expos new world order,0
flynn downfal sprang erod level trust new york time,0
weekli standard arsen fight falsehood fact logic reason new york time,0
nato us uk assembl largest troop buildup russian border sinc cold war,1
shock year old document explod hillari children die,1
kevin macdonald celebr trump amaz victori,0
famili guy peter griffin mock kellyann conway emmi mailer,1
white templ great ziggurat mesopotamian citi uruk,0
liber brag pic hillari furiou snuck behind,1
yoshinori ohsumi japan win nobel prize studi self eat cell new york time,0
u c l gunman may target nd professor kill woman new york time,0
otto warmbier american taken hostag north korea die day return u breitbart,1
netflix goe global profit soar new york time,0
america might deserv trump dem hillari deserv lose,0
harvard order reveal financi record influenti donor new york time,0
baltimorean mourn man said kill neighbor new york time,0
uc berkeley sjw build human wall block white student campu,1
comment fix newsweek alreadi issu print declar hillari clinton winner bongiornoc,1
report laura ingraham consid senat run virginia breitbart,1
yet anoth proof wrong touchscreen calibr,1
trump fire back talent stephen colbert show die start attack,1
hillari clinton campaign cautiou confid begin consid run mate new york time,0
report gop differ healthcar narrow healthcar reform much aliv breitbart,1
warren troubl obama get k wall street breitbart,1
doctor challeng five claim govern run healthcar propon breitbart,0
podesta hillari stop discuss classifi inform privat email,1
hacker publish nude pictur lesli jone websit new york time,0
limbaugh women march trump inaugur noth golden shower breitbart,1
comment sjw outrag leonardo dicaprio white rumi role unfound iranian explain ztech,0
mobster daughter writer murder victim woman center durst trial new york time,0
monday even brief berni sander donald trump johnni manziel new york time,0
loss med venezuela mental ill spiral downward new york time,0
survey viewership swing state market show republican abandon espn drove breitbart,0
mani millenni cool commun,1
guid paradoxroutin,1
david duke launch new power tv spot across louisiana,1
gowdi troubl comey confirm leak investig breitbart,1
trump betsi devo deliv dispar messag first day breitbart,0
curt schill espn analyst fire offens social media post new york time,0
leaderless underfund n j transit troubl well fatal crash new york time,0
obamacar realli go knife new york time,0
media reset elect stuck tabloid stuff,1
creat first garden scratch new york time,0
brain rememb new york time,0
russian u n envoy u missil strike act aggress strengthen terror breitbart,1
death penalti dylann roof south carolina church slay,1
u antimissil system south korea worri china new york time,0
day massiv layoff begin espnw celebr black power icon fugit cop killer breitbart,1
gold end year excit stewart thomson,0
trump join line critic costli fighter jet new york time,0
celebr food wine bordeaux new york time,0
green water linger olymp pool excus pile new york time,0
review legaci jack bauer gone demon new york time,0
pentonvil inmat fail prexit soon,1
florida pregnant women cover stay insid amid zika fear new york time,0
bulg green pantsuit hillari,0
israel prepar one side un secur council resolut,1
,1
north korea test rocket engin show meaning progress south say new york time,1
yate admit defi execut order partli polici matter breitbart,0
nightclub massacr obama express outrag familiar lament new york time,0
clinton fli zone syria save live lead war russia period,0
girl horrifi watch boyfriend left facetim,1
voter think clinton broke law twice mani think trump,1
trump take democrat health law new twitter blitz new york time,0
bric resistono alla guerra finanziaria degli stati uniti di ariel noyola rodr guez,0
use stealth drone document fade hong kong new york time,0
playlist ladi gaga return lovelorn zack de la rocha return furiou new york time,0
obama best reaction protest ever trump lie say exact opposit,1
christi lie low avoid wrath commut new york time,0
break bombshel fbi open clinton email probe,1
california today watch elect day new york time,0
pope franci sweden urg cathol lutheran reconcili new york time,0
realli happen nativ american harsh remind stand stand rock,0
ford move cite victori trump effect u job new york time,0
angelina joli expos hollywood satan ritual leak video,1
us,1
hillari crime famili end day u,1
fdni rope rescu manhattan th alarm,1
california tattoo remov busi surg amid deport fear breitbart,1
tancredo america need new sheriff breitbart,1
cdc block testimoni vaccin whistleblow medic malpractic case,0
hous panel question loretta lynch hillari clinton email new york time,0
u back militia open drive isi capit syria new york time,0
nicol wallac elect man bulli femal report breitbart,1
obama tell illeg go vote shock video,1
fbi reopen clinton investig new email found,0
breitbart news daili th session breitbart,1
kathi griffin tear press confer trump broke video,1
washington fals flag new russia iran syria china axi evil nuclear war,0
air forc run low drone pilot turn contractor terror fight new york time,0
among death heavi toll pop music new york time,0
saturday night live writer tweet barron trump america first homeschool shooter,1
make pakistan free afghan pashtun nation hero shabat gula,1
gay trump support get death threat gay peopl support candid receiv multi million dollar contribut countri execut gay,1
appar sausag fm play sound sizzl sausag day thing,1
rasmea odeh appeal expos isra prison tortur us court,0
monsanto want patent marijuana genom peopl tri stop,1
bishop irat mafia kingpin role godfath baptism,1
appl move toward wireless futur one tweak time new york time,0
campaign exit manafort borrow busi trump tie new york time,0
ronald lauder advoc art restitut say museum hold cloud work new york time,0
hillari clinton american demagogu,0
peter kadzik clinton alli john podesta close friend peter kadzik take charg doj hillari clinton huma abedin email probe,0
nestl fold consum demand offer organ food avoid profit loss,1
endesa conectaba todo su generador un enchuf de iberdrola,1
refuge discov america one hate one heal new york time,0
andrey karlov russian ambassador kill turkey new york time,0
donald trump kgb spi,1
marvel disciplin artist sneak polit messag x men new york time,0
amazon claim web shutdown due typo breitbart,1
readi aftermath elect elect,1
fox news move tucker carlson megyn kelli timeslot,1
bricklay rejoic,1
asylum request germani rest eu combin,1
product make men grow breast link cancer prostat liver,1
forget judg twitter suggest true enemi peopl,1
trump michigan base begin fall love donald refuge nepot slow start,0
develop mike penc plane skid wet runway laguardia airport nyc,1
elect dutch fear russian meddl also u cash new york time,0
buzzfe regroup media turn video centric new york time,0
janet reno first woman serv u attorney gener die new york time,0
friend jorg p rez donald trump new york time,0
fukushima extinct level event one talk,0
worst take elect unforgiv retrospect,0
clinton held focu group year elect find rational run presid,1
robert spencer theresa may tori target critic islam instead terrorist,0
time journo call assassin presid trump,1
guardian trump tweet keep us manufactur toe breitbart,1
fed serious consid rais interest rate june meet minut say new york time,0
news time write archiv,0
yahoo say hacker stole data million user new york time,0
chri wallac trump appar think transpar overr breitbart,1
god bless america english subtitl must see,1
kellogg layoff hit florida,1
year old dana rohrabach staffer knock unconsci anti trump protest breitbart,1
vladivostok becom pivot hub asia pacif region new eastern outlook,0
daili mail disprov proposit everyth awesom soon,1
seal team man left dead graini pictur valor new york time,0
prescript drug time say,0
new gallup poll reveal american realli think gun control,1
insid invis govern war propaganda clinton trump,1
graphic mexican border state author unearth bodi shallow grave,1
syria russia mosul friday even brief new york time,0
barbara marciniak bringer dawn teach pleiadian video,1
uncl sam want least genet lifestyl inform new york time,0
ever showman donald trump keep washington guess new york time,0
american student spring break chant build wall mexico cruis,1
us support terrorist shell russian embassi damascu,1
biden last act hous senat gather make trump elect final veep gavel breitbart,1
anyon reli enough troop indic concern defens,1
jimmi kimmel children book hillari clinton donald trump parodi,1
hillari conquer step littl help,1
er send clear messag anthem singer shirt keep polit court job,1
fs sharp tebow good anyth breitbart,1
orlando disney donald trump wednesday even brief new york time,0
joy villa first wave new conserv countercultur breitbart,0
moana second best thanksgiv weekend open time new york time,1
graphic mexican cartel spread isi like behead video gain border turf near texa,1
fs skip bayless toni romo starter game one next year cowboy breitbart,1
troop clean radioact island get medic care new york time,0
boom clinton doubl standard brutal expos,1
gloomi day oil patch see glimmer light new york time,0
militari veteran stand rock first time actual fought peopl,1
tie europ britain car industri vulner brexit new york time,0
feinstein worri white republican men health care breitbart,1
big govern republican rebuk trump budget breitbart,0
record break number migrant cross mediterranean easter,1
subdu cuba prepar memori castro new york time,0
poll fatherhood man import life role,1
oscar winner casey affleck next role animatron bear peta,1
defeat white liber age trump,0
donald trump th presid unit state guardian liberti voic,1
new york breath sigh relief bomb victim cope aftermath new york time,0
howard hodgkin whose paint code emot die new york time,0
new york tonight first debat testimoni bridg scandal new york time,0
report huma abedin email weiner laptop file mark life insur,1
jewish center across u face new wave bomb threat new york time,0
watchdog alleg virginia prep mass fraud,1
devin nune trump transit team member surveil connect russia breitbart,1
paul mccartney sue get back beatl song new york time,1
trump amaz victori stack deck,0
bhumibol adulyadej peopl king thailand die decad reign new york time,0
christian syria less,1
capitol polic offic henri cabrera stop alexandria shooter armi veteran,1
wow white liber suggest black stupid get id figur use internet video,1
israel settlement legal trump aid say play anti iran video messag mount zion,1
witch unit cast bind spell trump follow,1
trump name dr david shulkin lead veteran affair fantast breitbart,1
high court judg look truss support soon,1
clemson colleg footbal playoff championship new york time,0
train day p b rogu cop rule new york time,0
trump go nafta tweezer hammer new york time,0
putin russia go attack anyon,1
presid obama interview samantha bee roll floor laugh video,1
rachel maddow rnc preemptiv surrend voter fraud,1
c presid say russian feder could bar new york time,0
new york archdioces offer compens program sexual abus victim new york time,0
minist slam wear crucifix vile attack,1
philippin dutert seek peac,0
import comment section bring roll stone justic,1
clash agenda antidop offici vs u olymp leader new york time,0
million dead voter wait elect hillari clinton,1
muslim anim abus palestinian film stone hyena death use cement block larg stone,1
massiv voter fraud texa,1
light elect worth watch,1
putin latest warn west see deploy super stealth submarin,1
watch notr dame student walk vp mike penc graduat speech breitbart,1
trump far right support turn syria strike new york time,1
trump accomplish posit product meet china,1
gop leadership hopelessli corrupt touch base vdare com brimelow interview bloomberg gendreau,1
weekli featur profil randi shannon,1
second mexican journalist murder one week juarez cartel implic,1
us launch cyber attack russia power grid telco network kremlin command system,1
globalist behind rig us elect,1
friendli guid rok world view recov liber,0
fractur brexit vote spread opposit labour parti new york time,0
american trap fear faith,1
men death row louisiana sue solitari confin new york time,0
pelosi republican vote trump like mammal breitbart,1
hollywood partisan crusad strengthen boycott piraci,0
cowherd kaepernick run liber citi play breitbart,1
jonah goldberg comey win credibl contest trump breitbart,1
chip away list goal bond cupcak new york time,0
comment u gener admir endors trump command chief u gener admir endors trump command chief fellowship mind kommonsentsjan,0
donald trump postpon name run mate new york time,0
fendi dolc vita new york time,1
celeb host progress love thon inaugur,1
iraqi mosul find us missil captur islam state base,0
u demand return drone seiz chines warship new york time,0
rule ruler world realli work,1
video right hous baltimor trnn grand open,1
escap polit bubbl clearer view new york time,0
girl ask boyfriend give iphon use money buy hous,1
fountain pen save sold new york time,1
scapegoat spi vatican consult command attent leak trial new york time,0
wikileak assang sourc russian gov tri delegitim trump breitbart,1
pendant found nazi death camp ruin may ann frank link new york time,0
u war footprint grow middl east endgam sight new york time,0
buy time warner approv assur greater scoundrel media consolid alreadi,1
berkeley polic arrest local professor allegedli beat trump support bike lock breitbart,1
russia ci countri hold larg scale air defens exercis,1
trump want nuke isi say hillari would start wwiii wtf video,0
new keef video leftist plan blockad trump inaugur,1
dark matter rise biggest challeng succe synopsi start bang scienc technolog,1
report speaker ryan say tom price plan outlin obamacar replac,1
trump reserv still loom pend ampt time warner merger breitbart,1
unit state paranoia see gang stalker new york time,0
legal analyst philip holloway need hate crime law,1
thousand flee part aleppo syria assad forc gain ground new york time,0
wh staff prepar possibl hillari presid cartoon,1
clint frazier lush lock yanke let hair new york time,0
professor tweet pc cultur nyu,1
readi footbal riot gear pepper spray new york time,0
peter schweizer trump infrastructur bill need transpar hijack perman polit class,0
milo dartmouth colleg donald trump real men polit correct,1
war street pari arm migrant fight run battl french capit,1
istanbul nightclub terrorist pick wound,1
caption,1
flashback clinton cheer th hour indict doom bush elect,1
comey accus interf us presidenti elect,0
eu migrant crisi break calai jungl burn refuge tri storm way back p,1
russia china japan south korea plan solar wind energi super grid,1
link,1
sourc rage,0
special counsel overse russia investig breitbart,1
ask amazon echo urgent medic help,1
elon musk true mar earth plan,1
mainstream media shock solid trump victori clinton conced obama go quietli night,0
cranberri holiday healthi superfood,0
hillari vote lost elect,1
full text jame comey prepar remark congression testimoni breitbart,0
usa network mr robot season pessim overtak anger unfortun result,0
mexico haitian wait get u opinion conserv,1
thailand look like futur king apprehens new york time,0
five six thing know brad pitt marlon jame new york time,0
scourg racial bia new york state prison new york time,0
trump attorney presid investig breitbart,1
new york citi keep id data judg rule new york time,0
trump weigh infrastructur bill keep new york air new york time,0
left wing american constitut societi urg deep state undermin trump breitbart,1
new sauc need master new york time,1
trump dump wahabbi autocrat new eastern outlook,0
kill twice isi say live facebook new york time,0
donald trump react egypt ramadan terror bloodlet christian must end breitbart,1
comment elijah wood expos hollywood organ pedophilia ring rebecca heali,0
countdown chao even school close nationwid video,0
swiss volunt firefight ok bit tipsi report duti,1
american trust new york time,1
test confirm mosquito miami beach carri zika viru new york time,1
chelsea handler rip gun owner hobbi get peopl kill,0
graphic mexican marin rain gunfir cartel boss,1
bruce arena replac jurgen klinsmann u coach keep thing simpl new york time,0
life chang magic choos right hospit new york time,0
kathi burk wonder respons helena bonham carter letter page time,1
real reason john f kennedi assassin,0
bother,1
crane shadow lo angel strain see futur less sprawl new york time,0
way probiot detoxifi bodi,0
marvel abandon fan base un american captain america anti trump rant,1
presid hate peopl cling gun god,0
truth happen mh video investig,1
one richard russel last shock predict unfold,0
dutert mosul calai jungl thursday brief new york time,0
democrat need f b director jame comey new york time,0
hey msm illeg alien support make death threat trump spanish,1
comment ask undercov video hillari walk press confer matibob,0
trump rule tabloid media washington differ stori new york time,0
j geil whose band catchi pop hit color die new york time,0
social destroy venezuela opposit trust socialist intern breitbart,0
oscar plan back syrian subject nomin film new york time,1
american saudi weapon recoverd isi posit mosul,0
milo victim child abus breitbart,1
coulter trump keep promis gop wipe dem impeach breitbart,1
state accus gener drug compani price fix new york time,0
monday even brief hillari clinton cleveland cavali kany west new york time,0
breitbart news daili terror manchest breitbart,1
friday mailbag christian valu jewish sabbath buzzfe new york time,0
arsen lead read eat rice,1
photo peopl around world told beauti,1
trump elect presid risk opportun,0
lebanon sparkl shore garbag dump grow new york time,0
nicki minaj offer pay twitter fan colleg tuition,1
fred palmer pari climat agreement america first energi plan,0
nation soccer team britain fight wear memori poppi new york time,0
link elect day,1
new climat friendlier coolant catch flammabl new york time,0
comet ping pong gunman answer report question new york time,0
scientist told remain silent glyphos cancer find,1
dylann roof lawyer argu death penalti new york time,0
pari migrant camper increas calai shut,1
photo german carniv float depict decapit trump hitler comparison,1
watch madonna warn new age tyranni feminist short film,1
taxpay foot bill clean dakota pipelin protest area breitbart,1
watch hous card season trailer teas one nation underwood breitbart,1
review big littl lie monterey mom clich new york time,0
kiki herb kitsch whiski chaser new york time,0
constitut option unstopp john mccain lisa murkowski vote ye breitbart,1
saudi arabia warn trump block oil import ft,1
trump vaccin caus autism investig,1
trump ride subway car illeg new york time,0
unidentifi muslim knifeman run stab four peopl frankfurt train station,1
lie cnn scum,1
question constitut amend trump propos,1
african nation increasingli silenc internet stem protest new york time,0
exclus rep dave brat ryancar pervers econom system breitbart,1
obama appoint schumer alli judg block trump deport breitbart,1
expos block georg soro fund anti trump protest buse paid agit caught tape,1
germani move ban cultiv gm crop eu opt law,1
new ceas fire begin syria violat report within hour new york time,0
late night move russia arrest top econom offici briberi case new york time,0
famili hear muslim groom scream see item blood soak hand,0
u break alli trade issu amid trump america first vow new york time,0
look student forc muslim flood germani,1
ancient god releas matrix control,0
us airstrik kill least afghan civilian around kunduz,1
l sheriff face protest opposit sanctuari state breitbart,1
fbi reopen clinton email investig new messag found,0
obama obamacar surviv trump breitbart,1
flight london evacu follow bomb threat,1
littl film moonlight big dodgebal court new york time,0
illeg thug return deport twice give sick gift girlfriend,1
sniper elit gameplay trailer breitbart,1
gari johnson donald trump well fargo thursday even brief new york time,0
donat foundat vex hillari clinton aid email show new york time,0
divid media michael flynn patriot leak polit espionag new york time,0
california today track bullet train progress new york time,0
leak barron trump letter santa,1
crosstalk bullhorn fact check,1
everyday life realli like cuba ra l castro,1
child injur return disneyland mexican drunk driver deport time prior,1
sex singl woman mari tyler moor new york time,0
actress roseann barr mk ultra rule hollywood,0
fox settl gretchen carlson roger ail sex harass claim new york time,0
colleg republican yaf sue berkeley ann coulter event breitbart,1
reader tell us gap year worth new york time,0
ivanka post instagram father biggest controversi,0
spicer tomorrow time vote ahca train leav station breitbart,1
hillari clinton plan trump russian agent lie sinc april,1
swedish deputi pm mock trump femal photo,1
trump win presid duke fall short absolut heroic effort,1
john pilger truth one vote go underground us elect special,1
u stock market hit record high tech stock tumbl breitbart,1
report jeb bush take pass buy marlin,1
plagiar report monica crowley take white hous job new york time,1
comment unpreced letter chair joint chief suggest u militari want presid hillari conservativesenior,0
select elect elect stolen,0
know risk syrian rebel seek lift turk incurs new york time,0
hafiz saeed geelani dress mime artist ravish kumar show solidar ndtv,1
florida man strangl wife imperson facebook polic say new york time,1
germani parent outrag german primari school forc children chant allahu akbar god allah muslim prayer,1
breitbart news daili budget prioriti breitbart,1
jame cameron slam trump administr peopl insan,1
egon von greyerz broadcast interview avail,0
concept paper russian presid,0
gabriel call radic islam terror breitbart,0
crosstalk us elect crimin chief,1
trump fan ralli jerusalem,1
marco rubio apolog young peopl elect say go k,1
cnn break news trump tell support vote multipl time,1
lo angel million man new york time,0
dead injur report explos uk ariana grand concert,0
year old farmer shot burglar foot forc pay legal fee,1
putin ask america banana republ,0
everybodi tell trump go win omin feel,0
afraid woman accus trump rape drop lawsuit,1
univers wisconsin student demand free tuition black student,1
bill black liber listen immens cost ignor tom frank warn,0
even commut get darker also get danger offici warn new york time,0
new verb mexico trumpear punch new york time,1
zen art manag smartphon photo new york time,0
gorilla kill child enter enclosur cincinnati zoo new york time,1
coin gold real valu ladi liberti black new york time,0
lauren graham tast tokyo new york time,0
clinton cash movi view million time open week breitbart,1
treason clinton email server reportedli expos hacker spi agenc,1
mike pompeo trump c pick face balanc act career new york time,0
refriger tomato lose flavor genet level new york time,1
dakota pipelin protest work one bank may pull fund pipelin build,1
minnesotastan tag muslim student associ msa sign isi hate crime accur descript msa stand,1
watch diamond silk slam obama kerri stab israel back breitbart,1
left wing way unit divid countri,0
pari destruct begin squatter camp muslim illeg scream human beast,1
review brit bennett mother,0
neeraj pandey announc film ban wednesday modifi,0
long term job killer china autom new york time,0
system breakdown trump chicken come home roost,0
silicon valley voic caution guid high fli uber new york time,0
chart day soar obamacar premium state,1
peopl defici magnesium sign,0
republican march trump idea oppos new york time,0
salesforc rule bid twitter new york time,0
top polit tweet hashtag new york time,1
trump speak taiwan leader affront china new york time,0
british banker took g cocain tortur kill prostitut court told,1
megan fox ninja turtl femal stereotyp film new york time,0
trump clinton lost,0
mark zuckerberg get hoodwink media politician,0
fact peopl cri movi mental strong peopl,1
angela merkel accept respons parti loss berlin elect new york time,0
white hous fbi leak one mani reason jame comey fire breitbart,1
russia stir friction balkan nato keep uneasi peac new york time,0
dozen syrian children dead receiv measl vaccin,1
ye religi right warn witchcraft could decid elect,0
pat cleveland earli supermodel author mani tale new york time,0
german media promot migrant replac age local small european town,1
bbc children show girl transgend child take hormon block drug,0
u elect cycl offer kremlin window opportun syria new york time,0
u suspend construct part north dakota pipelin new york time,0
dh get billion border wall agent better cybersecur breitbart,1
watch stephen colbert mock rachel maddow lengthi trump tax teas breitbart,1
ca dem make massiv move destroy rule law spread everywher,1
want real brooklyn go cheap new york time,0
obama trump spent lot time sweat detail breitbart,1
trump may may awar plan move chess board other consid,0
bank england offici resign critic parliament report new york time,0
playwright toni kushner defend assassin trump juliu caesar fals blame breitbart outrag,1
key time collect human histori,1
anonym greatest weapon oppress,1
terrorist kill lee rigbi pursu lawsuit teeth broken prison,1
amazon jeff bezo explor legal challeng trump travel ban breitbart,1
look shock number kid born illeg,1
leon panetta dysfunct presid moment time breitbart,1
comprehens econom trade agreement ceta canada eu,0
refuge beat rape impregn girl court award sicker,0
china warn trump abandon climat chang deal increas climat chang aid develop countri b,1
futur libertarian,1
tim kain clinton email announc troubl day elect,1
fire discord put trump transit team state disarray new york time,0
obama economi unfinish busi new york time,0
ivanka trump father result ultim speak breitbart,1
man hack celebr email account get year prison new york time,0
voter approv trump job perform stat buri nd last graph stori breitbart,1
next trump travel ban justic dept state weigh option new york time,0
wall street europ landlord tenant fight back new york time,0
comment govt corrupt rampant fbi buy billboard ask public rat crimin state agent rixar,0
fighter new york time,0
humili practic sex test femal athlet new york time,0
columbia unearth tie slaveri new york time,0
media hysteria wapo treat kevin mccarthi joke proof trump russia link breitbart,1
pregnant women advis avoid travel activ zika zone miami beach new york time,0
bill kristol back deep state presid trump republican govern breitbart,1
top thing know wannacri global ransomwar hacker attack,0
angeliqu kerber u open win solidifi claim statu new york time,0
save donkey help goat new york time,0
trait put kid risk addict new york time,0
immin pari terror attack foil four arrest includ year old girl breitbart,1
former secret servic offic madonna bomb white hous speech could motiv other act,1
comment abus survivor speak cop stood guard rape politician child laert kolaveri,1
per migracion denunciada por violaci n de derecho humano,0
report wikileak reveal facebook clinton loyalist control newsfe,0
guess,1
soul search liber us presstitut clinton defeat,0
person hillari clinton tri eras trust deficit new york time,0
clam chowder pizza best kind new york time,1
hillari attack dog david brock plot soro steyer sussman kick trump ass,0
wikileak julian assang embassi balconi forgiv forget criticis cia european union,1
vast purg turkey thousand detain post coup backlash new york time,0
exclus joy villa reveal dream white hous gig,1
putin collect former us alli,1
citi want noncitizen immigr vote,1
nato russia hold balkan drill amid grow eastern european tension,0
chines jew ancient lineag huddl pressur new york time,0
link nake capit,1
swat standoff suspect link zionsvil murder impd hq shoot,1
video doctor discov cancer enzym vaccin found murder,1
mysteri hillari clinton eye problem becom frequent,1
l olymp ceo trump help obama breitbart,1
donald trump defeat hillari clinton win elect,1
obama drink orang cup support gun control campaign breitbart,1
elizabeth warren session need fire breitbart,1
bank canada commentari whipsaw looni,1
russia freez coordin u syria follow american airstrik,0
putin mock clinton claim russia elect meddl u banana republ,1
john bolton way end north korea nuclear weapon program end north,0
joint drill china saudi fight terror,1
hillari clinton enjoy solid lead earli vote reuter ipso poll,0
democrat deft firearm tighten race senat new york time,0
danc way pop stardom thank youtub rihanna new york time,0
green parti margaret flower challeng us senat debat maryland undemocrat,0
corey good vlog updat behind scene david wilcock sean stone niara isley,1
polic drag anti mass migrat campaign street ask anti islamophobia protestor question,1
pentagon russia may directli particip syrian chemic weapon attack breitbart,1
denni rodman north korea trip tri open door breitbart,1
world war alert putin expos america secret plan russia support trump,1
fire tear manila slum leav homeless new york time,1
obamacar architect ask fix program answer reinforc critic worst fear,1
attorney gener jeff session recus russia investig breitbart,1
abbi martin expos john podesta inform,1
yellow cab long fixtur citi life mani thing past new york time,0
fake news media attempt malign melania marriag trip abroad breitbart,1
need know trump demis learn campaign launch speech,1
battl kunduz us afghan friendli fire,0
time god,1
video thousand join pro eu ralli across germani,1
stop trump mixtap protest song collect,1
israel ancient papyru prove jerusalem belong israel,0
syria wait next move,0
matthew mcconaughey hollywood embrac donald trump,1
physicist leak evid support elon musk theori univers simul,1
thousand strand fire disrupt metro north rail servic new york time,1
thoma jefferson govern role defens god given right breitbart,1
left blast pepsi kendal jenner appropri anti trump resist sell soda,1
one pregnant women zika u babi birth defect new york time,0
ukip mep steven woolf mike hookem report french polic strasbourg scuffl,0
justic depart releas blister report racial bia baltimor polic new york time,0
marin le pen islam declar war nation reason civilis,1
israel pass provoc law retroact legal settlement new york time,0
crabzilla giant crab popular crab spot whitstabl,1
trump g p gather c director new york time,0
move make amend georgetown presid meet descend slave new york time,1
end game close clinton deep state turn,0
pepsi pledg cut sugar replac one addict substanc anoth,0
uk front seat us trade deal top republican confirm,1
learn love snapchat new york time,0
donald trump go grab world p ssi,0
europ combat new foe polit stabil fake news new york time,0
nyt admit key al qaeda role aleppo,0
kunduz attack novemb kill civilian u militari say new york time,1
believ miracl,0
world anim popul two third,1
renuncian llevar su hijo la escuela porqu quieren educarlo en forococh,1
u taxpay pay million dollar year privileg spi,0
trump iran ship behavior shot water,1
cnn stelter trump attack press verbal form poison breitbart,1
reason peopl vote trump,1
johnson johnson order pay million anoth ovarian cancer case caus babi powder,0
mother teresa set canon work live street new york time,0
departamento de estado equipara resist ncia ao imperialismo terrorismo,1
world war alert alert britian franc send tank troop russian border,1
ohio man seek join isi arrest john glenn columbu intern airport,1
fda withdraw gener adhd drug determin therapeut effect,0
u govern pollin fake news,1
us alert terror strike around elect,1
walk dead season episod ballad daryl dwight new york time,0
congressman steve king ask nonwhit done civil new york time,1
tone gay st loui polic offic file discrimin suit new york time,1
avalanch itali buri hotel leav miss new york time,0
cross line donald trump behav women privat new york time,0
ahmad khan rahami arrest manhattan new jersey bomb new york time,0
thing america learn hungari resist migrant mass,0
easi call thirsti social media capitol hill new york time,0
barack obama wrong fact prove illeg immigr absolut nightmar u economi,0
mandela effect made one overlook year old man ascend master video proof,1
polar bear path declin run alaskan villag new york time,0
hillari clinton dem keep fight protest speak town hall breitbart,1
trump breezi call world leader leav diplomat aghast new york time,0
scientist discov lake sea swim never come back aliv,1
pope franci sign joint statement lutheran world feder church full uniti,0
comment stake elect paul craig robert tobi,0
bar report brief cross legal line new york time,0
trump thought comey fire would bipartisan support breitbart,1
memo trump fire janet yellen swamp take,1
thing need know corrupt dnc head donna brazil,1
whoa even democrat ask differ bill clinton bill cosbi,1
former nfl player aaron hernandez bodi found bibl vers written forehead breitbart,1
obama last battl legaci new york time,1
nuclear option speech democrat reveal contempt militari trump address breitbart,1
russia call war parti bluff pepe escobar,0
debat prep hillari clinton donald trump differ new york time,0
nintendo claim widespread technic problem switch despit complaint breitbart,1
iranian presid rouhani claim terrorist syria celebr trump air strike breitbart,1
al gore say god told fight global warm,1
europ futur erdogan tell turk europ five kid three,1
rosana colabora con joseba de carglass en su nuevo disco luna de oferta,1
qui n es mariano rajoy el nuevo president de espa,1
serena william beat venu william win th australian open titl new york time,0
donald trump promis bring edward snowden home,0
feyisa lilesa marathon exil find refug arizona new york time,0
itali african muslim illeg alien freeload demand design cloth better food,1
autofahr entlarvt geheimen zahlentrick mit dem sich jeder blitzer berlisten l sst,1
obamacar architect gruber demand larger mandat penalti,1
report obama said coulter allow speak berkeley breitbart,1
comey ag lynch direct call hillari email investig matter breitbart,1
al franken disinvit kathi griffin book event,1
doomsday elect,0
fake news cnn legal expert say schumer attack trump pick head hh entir polit,0
diver find bodi toddler snatch allig disney resort new york time,0
rich chines inspir downton fuel demand butler new york time,0
breitbart news daili calm carri breitbart,1
confessor feminist adult hell happen howard stern new york time,0
pelosi obamacar succeed everi way breitbart,1
town hall dose furi bottl tum new york time,0
attack univers kabul shatter sens freedom new york time,0
suprem court split senat agre bad countri new york time,0
global expressway univers slaveri,0
meet man start illuminati,0
robinson,1
geller milo speak afdi cancelsarsour protest cuni breitbart,0
intl commun still financ protect terrorist mother agn syria video,1
end offic dress code new york time,0
emot pet care help explain human health spend new york time,0
cook love instant pot bought one find new york time,0
red state utah surg toward obamacar new york time,0
china lower growth target lawmak meet new york time,0
villanova student call peer pick drop pencil racist huffpo breitbart,1
open chakra explain children show watch,1
heal hemorrhoid fast,0
protest get readi grovel,1
trump edg elector colleg new york time,0
ra ra rasputin russia famou love machin get new biographi fall,0
wife orlando gunman charg antiterror law new york time,0
watch ny assemblyman linda sarsour explain support terror,1
eight day america armageddon,0
syrian foreign minist deni use chemic weapon breitbart,1
go japanes rest stop keep wait new york time,1
lost faith deepli corrupt legal system rule law unit state,0
geert wilder prosecut austrian speech,1
comment list hollyweirdo say leav u trump elect bookoobal,1
ami schumer blame alt right troll neg review netflix special,0
proof iowa cop killer trump support,1
trump liber news outlet bloomberg poll conced trump beat crook hillari florida,1
trump budget aspir realiti congress chang new york time,0
,0
u open today andi murray fall serena william surviv new york time,0
senat hous leader call inquiri russian hack elect new york time,0
mainstream report foggi moa out russian propaganda site,0
harvey weinstein get oscar boost lion screen new york time,0
milo book danger releas june includ berkeley riot breitbart,1
bashar al assad say donald trump fight terror natur alli syria alongsid russia iran,0
nato us uk assembl largest troop buildup russian border sinc cold war,1
ahead tomorrow fed meet strang thing happen,0
insan ohio state fan blame kicker point loss clemson breitbart,1
ubisoft employe threaten spread pirat copi last night polit breitbart,1
actual exist fascism,0
feminist gallop around stockholm protest patriarch statu men hors breitbart,1
youtub tv custom forc watch commerci record show breitbart,1
tunisian detain possibl accomplic berlin attack new york time,0
mom punish year old daughter sext peopl horrifi bad parent,1
bookcourt literari cornerston brooklyn close new york time,0
former penn state presid found guilti sanduski abus case new york time,0
berni sander trump democrat touch breitbart,1
industri expert startup compani descend ireland dublin tech summit breitbart,1
santa warn may john lewi christma ad year nice soon,1
emmanuel riva star hiroshima mon amour amour die new york time,0
barack obama delay suspend elect hillari forc new fbi email investig,0
tax break olymp hero sole lawmak say new york time,0
uniti bill hillari clinton georg laura bush attend trump inaugur,1
would take donald trump deport million build wall new york time,0
six way give gift generos children teenag new york time,0
pope franci donat polit incorrect fossil fuel heat ukrain home,1
north carolina run butler path redempt new york time,0
hillari clinton charg obstruct justic could go prison year,0
could us elect stolen elect integr activist say ye,0
ohio counti back trump word hous cut stir fear new york time,0
trump netanyahu abba vow reach peac believ,1
chaga superfood know,0
,1
presid obama presid elect donald trump meet white hous,1
presid hell,0
appl plan expand u manufactur arizona breitbart,1
postcard past cross syria new york time,0
msnbc nanc assum russia penetr white hous breitbart,1
john bolton trump admin put iran notic first time eight year,0
unit state western alli blame failur latest ceasefir,0
america sneez,1
let go trump small simpl task new york time,0
shift trump move egypt right record sidelin new york time,0
lena dunham peni comment derail live today interview,1
report pro common core jeb bush former staffer longer candid assist u educ secretari,1
govern gave brown univers million discov frat boy drink peer breitbart,1
professor predict last five elect say trump chanc win,1
gunmen jordan kill includ offic canadian tourist new york time,1
mccain trump reagan like breitbart,1
new york time co report loss fall digit ad revenu new york time,1
soneg el mundo today qu pa del mundo convien destruir para siempr,1
florida airport assail may heard voic urg violenc offici say new york time,0
russian minist economi arrest cold shower liber oligarch,1
univers utah provid esport scholarship breitbart,1
report refuge camp calai franc jungl,1
obama dismantl visitor registri trump reviv new york time,0
job creation slump may breitbart,1
son daughter mother evolut new york time,0
obama doj issu stand order clinton foundat investig,1
obama climat chang trend terrifi new york time,0
circu go without eleph ringl bet new york time,0
news view nefarium novemb video,1
white hous media make obamacar look like rainbow puppi,1
scotland embrac gay politician profound cultur shift new york time,0
empir file abbi martin expos john podesta,1
libertarian candid endors hillari,1
review negro make rethink race new york time,0
tancredo disgust media doubl standard obama trump breitbart,1
glazov thank presid trump name radic islam terror breitbart,1
fight aleppo tangl allianc syria add chao new york time,0
lose control street say polic angela merkel germani descend chao lawless,0
design line dress melania trump inaugur,1
proof georg soro nazi past final come light discoveri forgotten interview,1
million american donald trump hillari clinton bare mention poor new york time,0
rusia e india avanzan en el contrato de sistema antia reo triumf,1
hidden figur tie rogu one box offic new york time,1
suprem court decid whether boy must pee next girl,1
hillari clinton pile research bid needl donald trump first debat new york time,0
wapo admit singl payer health care would astonishingli expens,1
colombia farc rebel sign new peac deal,1
syrian war report novemb syrian militari deploy advanc battl tank aleppo vineyard saker,1
donald trump set civil war within right wing media new york time,0
gunman kill orli airport franc attack soldier new york time,0
betsi devo accept posit educ secretari,1
watch iraqi christian u presid confid trump,1
obama vote america un,0
pope franci commemor th anniversari protest reform,1
affirm action immigr polit racial solidar,0
want help cope zika new york time,1
amp shelv k k k documentari seri cash payment new york time,1
pedro hernandez found guilti kidnap kill etan patz new york time,0
year old grandfath slay ageism runway debut china,1
tini dog aggress allow adopt new mom,1
exclus sen richard shelbi democrat lay glove jeff session breitbart,1
rio olymp game turn back new york time,0
colleg professor organ nation teach challeng trumpism breitbart,1
new orlean polic offic plead guilti shoot civilian new york time,0
polic thiev botch atm burglari attempt accident set cash fire,1
hungri ill countri plunder boko haram new york time,0
suspect manhattan kill hate black men polic say new york time,0
friday mailbag omiss exclus languag fox news new york time,0
tesla hit new mileston pass g valuat new york time,1
even penguin children leav nest new york time,1
best danc new york time,0
tillerson step way remov assad power syria breitbart,1
stevi wonder serenad michel obama tonight show,1
prepper prepared person fit health,0
walk light arbaeen pilgrimag rise great resist radic,0
muslim colleg chaplain extend hand across religi divid new york time,0
bleed die texa cop say radio call help,0
cyru mistri renam rohit sharma mistri get job back,1
lizzi grubman chang parti girl new york time,0
pelosi case made scientif method way impeach trump breitbart,1
kerri blunt word israel denounc lawmak parti new york time,0
scene new england drought dri well dead fish ail farm new york time,0
new mh analysi suggest one control crash,1
chang polic take hold one nation danger citi new york time,0
comment place voter fraud alreadi happen worri lenor lee,0
new googl chrome extens ensur never see phrase alt right,1
trump voter uncertainti mix elat new york time,0
us presidenti elect sound warn catastroph come,0
clinton email narr fell apart,1
court rule medic marijuana card prevent buy gun,1
trust obama look sick thing stab trump back liberti writer news,1
video man allegedli high synthet street drug tri bite offic repeatedli taser breitbart,1
confront china interview john pilger,0
terror america zika scaremong washington post admit zika viru caus brain deform,0
republican stonewal obama ball court new york time,0
black trump rejoic trump plan save video,0
planet nine might pull solar system align,1
donald trump white hous bring steve bannon new york time,0
trump confid economi reach level seen mani mani year breitbart,1
hope best prepar worst,1
chines nuclear site hidden mountain reborn tourist draw new york time,0
georg mason univers firm plan name law school scalia new york time,1
watch chri cuomo tell rudi giuliani live fact free trumpland,1
comment enrag cop flip car tow illeg park pull gun tow truck driver anon ymou,1
jewish player basebal card trigger disput new york time,0
biden explain hillari set email server help,1
sad hillari clinton final conced trump publicli,1
go,1
rape case swirl around nate parker film birth nation new york time,0
n h l say player particip winter olymp new york time,0
pentagon wast nearli bln cancel weapon past year,1
review good fight lawyer claw way back normal new york time,0
investor move next door unsettl black beachsid enclav new york time,0
itali hand global economi anoth giant variabl new york time,0
novemb daili contrarian read,1
six time deporte arrest texa,1
illeg immigr accus murder teacher,1
take iodin,1
gabriel muslim brotherhood know thi enemi breitbart,0
roger goodel power play new york time,0
novemb daili contrarian read,1
ancient script found nephilim walk earth,1
warren buffett america fine trump breitbart,1
ident politic elect world seri lakefront liber love,0
reason berni voter vote trump,1
trump hate report nearli cataton air reilli prove fraud,1
strateg patienc tillerson float militari action north korea breitbart,0
world war america vs china full documentari f innov,1
worn hillari resurfac deepli disappoint result elect,0
easi street recent use vinyl arriv,1
russia move soften domest violenc law new york time,1
royal troon golf club vote allow femal member new york time,0
threat jewish center isol incid senat say new york time,1
sailer takimag know,1
black american go donald trump record number elect day approach,0
macguinea u face trillion deficit year interest singl fastest grow part budget,1
way donald trump would unlik nomine new york time,0
spicer yate strong support clinton polit oppon trump breitbart,1
vox editor written evid clinton foundat use person famili enrich look like wrong redflag news,1
outsid live teenag novel turn new york time,0
intern crimin court reject russia multi polar world,1
donnel hillbilli justic battl king mountain chang cours revolut,0
instagram introduc new featur mimic twitter snap tool new york time,1
earn degre daughter admir new york time,0
want find fulfil last think like design new york time,0
breitbart news daili comey covfef breitbart,1
nine time jame comey testifi could wrong russia probe hear breitbart,0
thiev take chunk chang pound berlin museum new york time,0
presid trump construct border wall begin month breitbart,1
multipl univers enhanc life,0
mark zuckerberg priscilla chan pledg billion fight diseas new york time,1
elon musk trump ear wall street take note new york time,0
intent unsettl e u russia tap foot soldier fring new york time,0
conspiraci vs govern part elit wave propaganda justifi violent repress,0
new critiqu seek adapt libertarian warfar welfar state,0
comey send letter congress cite new evid investig clinton email scandal,1
palestin consid su israel intern sport court,0
trump campaign order appear court voter intimid,0
cold hand may signal raynaud phenomenon new york time,0
financi whistleblow explain happen economi,0
histori trump becom first presid use word islam urban inaugur address,1
secretari state bolton advis trump confront russia china iran embrac war forev,0
black harvard student hold graduat breitbart,1
hillari ghost waterg,1
schlagst cke und pyrotechnik sichergestellt polizei l st unerlaubt kinderdemo auf,1
donald trump rate meryl streep hillari flunki breitbart,1
espn layoff lead edg come sport bubbl breitbart,0
c bar offer free drink everi time trump tweet comey breitbart,1
patient save famili su new york time,0
shinzo abe becom first japanes leader visit pearl harbor new york time,0
fordham prof greer need men patriarchi white women upheld gener breitbart,1
obamacar architect laugh skyrocket premium video,1
brit warn expect indiscrimin attack innoc civilian,1
forc comey reopen hillari fbi case,1
joe biden launch american possibl pac stoke rumor,1
polic use tear ga dispers may day protest istanbul,1
senat intellig committe leader vow thorough russian investig new york time,0
mike penc fine trump sexual assault offend voter suppress,1
save children norway trial anti malaria drug larium mozambiqu,0
mike penc split donald trump paul ryan endors new york time,0
spirit liber liber left,0
biggest elect fraud histori discov unit state break,1
australian drug maker low profil power backer washington new york time,0
despit gain nation poll elector math remain dismal trump,1
wikileak bombshel hillari need know,0
vote vote vote,1
apost evangel pois becom decid factor hillari clinton elect victori,0
one treati could chang fight stop dakota access pipelin,0
ivanka trump post instagram father biggest controversi,0
idea make us rich,0
set staff horrifi hillari caught brutal interview,1
explan fbi open hillari e mail,1
rex tillerson exxon mobil forg path abroad new york time,0
know feel someon token sure ben carson new york time,0
terror tot must prepar child fighter isi,1
concert trump miss opportun new york time,0
colombian opposit peac deal feed gay right backlash new york time,0
stress famili financ propel hillari clinton corpor world new york time,0
comedian mike epp accus anim cruelti bring kangaroo onstag,1
feudal mediev modern,1
farc rebel colombia reach ceas fire deal govern new york time,0
boy georg defend melania trump mean spirit attack,1
appl owe billion back tax ireland e u say new york time,0
bill cosbi book join challeng list new york time,1
u take sharper tone russia role syria new york time,0
lot need talk new york time,0
destruct reason west,0
wsj white hous open door democrat wake health bill failur breitbart,1
publish dictionari post truth edit,1
polic arrest crackdown north dakota pipelin protest,1
california today exactli sushi new york time,0
dark art polit intimid,1
pelosi trump owe obama apolog breitbart,1
net neutral trump next target administr say new york time,0
far wors fourth reich day reckon arriv,0
media silent million muslim march isi iraq,1
germani propos tougher measur combat terror new york time,0
undermin america obama encourag illeg vote,0
u back afghan govern fund taliban school hospit,1
hack email reveal hillari fund trump campaign,0
obama cannot deni legaci racism justic system breitbart,1
serco zulu bridg mumbai pig farm clinton patent obama visa snuff,0
honeymoon tour laugh natasha leggero mosh kasher new york time,0
meet peopl obama gave medal freedom,1
milo feminist disappear fast soon endang breitbart,1
right new america get right,0
small victori stand rock nobodi talk,1
top german paper need gay multicultur oppos trump,1
huntington beach goe war threat forc district system breitbart,1
new york time reinstat manag editor role appoint joseph kahn new york time,0
chicago teacher black live matter activist partner build bigger movement,0
typic fbi swagger far away reson lie lie lie dc,1
chang org launch petit prevent tennesse band play trump inaugur parad breitbart,1
guid get rid big bank check account new york time,0
work class hero john brennon,1
trump budget increas spend school choic billion,1
fan ask georg takei tweet someth posit trump perfect,1
make virtual real art googl tilt brush new york time,0
joss whedon want rhino f ck paul ryan death,1
member one famili found shot death rural ohio new york time,1
gari miliefski ransomwar attack cybercrim trillion dollar industri go get wors,1
feminist sue univers fail protect mean internet comment breitbart,1
ban u need go back countri new york time,0
fed usurp hous author fight racism,0
media blackout hundr black teen attack templ u student polic hors,1
exclus carter page request releas fisa warrant detail concoct jame comey fbi breitbart,0
militari veteran bonu scandal might much wors initi report,1
exclus rand paul omnibu spend bill presid hillari clinton would proud bill breitbart,0
border patrol k find pound meth,1
forget propaganda realli happen gold market,1
walmart rewrit e commerc strategi billion deal jet com new york time,0
educ sec betsi devo realli common core anymor school breitbart,0
day king rare victori sport king new york time,0
comment weiner fbi reopen investig hillari clinton email miss marpl,0
social secur administr paid billion benefit without ssn,1
trump line establish republican vouch rex tillerson new york time,0
illuminati card enough enough harbing thing come,1
walgreen cut tie blood test compani therano new york time,0
u govern power assassin,0
uc berkeley offer class fake languag game throne,1
ford expand u product truck u v new york time,0
steve king iowa voter rethink support way line new york time,0
gingrich trump divis presid sinc lincoln repres altern world breitbart,1
facebook fact check partnership work new york time,1
trump signal climat action pullback local leader push forward new york time,0
carri fisher princess rebel brave comic voic new york time,0
comment elect play game chicken nuclear strategi pretzelattack,0
de facto us al qaeda allianc,0
chart day ust yield bp sinc post brexit low,1
scott pruitt pari climat agreement would driven regul litig,0
one safe zimbabw threaten seiz farm parti defector new york time,0
review independ day resurg fault firework new york time,1
treadmil add evid arrest dog fight new york time,0
facebook let advertis exclud user race,0
left love new cold war,0
olympian mother leav suitcas check destroy new york time,1
immigr law ignor unpreced extent rig elect,1
bia trump blame sluggish economi obama lavish prais breitbart,0
among donald trump biggest u fan hindu nationalist new york time,0
highlight itali consid next matteo renzi lose referendum new york time,0
littl love scholar trump also get littl cash,1
arnold palmer magnet face golf die new york time,0
congression hawk rush intensifi war syria,0
busi class pose uniqu fire hazard new york time,1
poster advic alt right guerrilla activist,0
incred smoke haze seen outsid ndtv offic arnab quit burst firecrack suspect,1
john kasich suspend campaign presid new york time,0
william peter blatti author exorcist die new york time,0
smog choke delhi leav resid cower air purifi new york time,0
obama clinton sander could stop riot watch,0
rig deni trump steal state block elector path,0
woman detain speak deport fear releas new york time,0
intern women day call action protest word prais new york time,0
sour surpris public pension two set book new york time,0
break racket indict hillari clinton like foia datto backup devic reveal fbi possess incrimin email,0
ronald reagan seek inflict harm faze gun control law breitbart,1
new york post sport report sue paper fire anti trump tweet breitbart,1
marvel soak wet rockett olymp new york time,0
senior haaretz correspond use new yorker satir piec journalist sourc jare kushner takedown,1
black live matter attempt disrupt super bowl attende arriv,1
el mundo regalar un ejemplar de el mundo con el mundo,1
us elect shockwav hit europ,0
elector colleg meet monday expect new york time,0
racist,0
carmela soprano understood hillari clinton new york time,0
democrat urg obama pardon illeg immigr trump take power,1
earthquak leav trail destruct ecuador new york time,0
germani employ nazi measur turkish brother citizen claim erdogan,0
time critic top book new york time,0
mahmoud abba gestur critic betray new york time,0
mysteri metamorphosi chuck close new york time,0
morgan freeman trump winner hope good presid,1
deal kushner chines compani fifth avenu skyscrap new york time,0
de facto us al qaeda allianc,0
jordanian bedouin poet propos tiffani trump ask wear burka,1
poll go women,1
top opposit leader cambodia resign elect near new york time,0
donald trump aleppo farc monday even brief new york time,0
ramadan rage fatal alreadi tripl last year breitbart,0
side,0
reopen clinton email investig gop hype noth,1
trump tout marin le pen strongest candid french presidenti race,1
mtv jamil smith trump uppiti complaint obama take action lame duck breitbart,1
american peopl make sure crook hillari stop ballot box,0
syrian war report octob al nusra led forc fail break aleppo sieg vineyard saker,1
,1
success come wave guardian liberti voic,0
west provok new cold war,0
archaeolog victim isi rise replica rome new york time,0
break fbi reopen investig clinton email,1
bundi brother acquit takeov oregon wildlif refug detail,1
philippin dutert refus confirm white hous invit tie breitbart,0
la tarifa familiar de movistar fusi n incluir la l nea de lo amant,1
american vote interest partisanship new york time,0
chines nibiru research murder bizarr crime,0
wikileak releas email eve elect,1
paint switch alec baldwin pay wrong pictur new york time,0
leak memo lay clinton foundat funni busi troubl spoil brat kid chelsea,1
us hack hysteria aim distract voter putin,1
inflat tick time bomb,1
session doj sanctuari citi show complianc lose fund,1
review war paint sing song face cream new york time,0
,1
oscarssowhit broadway seek tonyssodivers new york time,0
customercar account expertli troll peopl complain twitter,1
warbi parker sens exclus low price new york time,0
andrew puzder labor nomine fight owner interest began earli new york time,0
cop fire shoot year old daughter halloween parti,0
peopl shock hillari brought speech scandal,1
southern poverti law center name florida base end begin activ anti govern group,1
univers hologram virtual realiti could,1
keith ellison dnc chair anoth high place anoth empti black face,0
iraqi forc take eastern mosul islam state new york time,1
panick borrow educ depart unsettl silenc new york time,0
freedom rider dump democrat good,0
break massiv corrupt obama block fbi investig new email truthfe,1
happen fbi,0
new york citi babi born zika relat brain issu new york time,1
wikileak john podesta attend satan spirit cook parti,1
trump nationalist globalist breitbart,1
photo day miss russia intern beauti contest tokyo,1
nyt media manipul steve bannon imag drive wedg trump,1
hillari tell massiv lie time make blood boil,1
barack obama delay suspend elect hillari forc new fbi email investig,0
cambodian opposit figur kill recal darker time new york time,0
complic obama democrat set stage danger trump presid,0
judici watch susan rice unmask document move nsc obama librari,1
rosi donnel text trump glaad media award f ck donald,1
trial juri hallow american right vanish new york time,0
wikileak reveal cia archimed tool reportedli use infect local network breitbart,1
hillari clinton elect fraud final expos california stolen berni sander,1
california today school bond measur care new york time,0
bu driver pull stop suicid woman jump bridg breitbart,1
fencer first american olympian compet head scarf new york time,1
watch hillari aid rush side help climb one step,1
south carolina gop special elect primari turn ugli poll approach breitbart,0
disgrac va employe keep massiv bonus good soldier forc repay,1
ny state polic build ms unit,1
secur firm run dakota access pipelin intellig tie u militari,0
vw execut could charg court document suggest new york time,0
forma de soldado frances para enquadrar daesh ei,1
hillari arriv ralli make one weird move left onlook puzzl,1
donald trump announc suprem court nomine next week,0
freedom rider dump democrat good,0
virgil minut deep state execut committe perman campaign trump part,0
theresa may steeli steadi woman might lead britain new york time,0
appl offer app develop access siri imessag new york time,0
gunman wound muslim prayer center zurich new york time,1
british welfar system blame migrant crisi claim calai deputi mayor,1
nbc news head say opposit parti,1
fate flight princ prot g e tell stori new york time,0
error actual father fold chair,1
denni hastert seem architect dysfunct speaker new york time,0
realli need rental car insur thing know new york time,0
mariah carey manag blame produc new year eve nightmar new york time,0
former apprentic contest file defam suit trump new york time,0
dozen inmat kill prison violenc escal brazil new york time,0
exclus rand paul saudi arabia role back terror rais concern billion arm deal breitbart,0
social media disconnect us big pictur new york time,0
trump rip press privat meet media honcho good bad conserv,1
california today look elect day new york time,0
one hand light switch obama flip yet new york time,0
immigr offic border delug illeg alien worst ever seen,0
comment donald trump go social conserv state complet shock live light,0
g p brightest star mix donald trump pick run mate new york time,0
heaven cleveland new york time,0
trump prais senat move repeal replac obamacar put pressur hous,1
small stock threaten breakdown hang,1
radic differ futur australia new eastern outlook,0
jantar mantar builder maharaja jai singh ii reincarn beat kejriw squat everyday,0
cranberri juic urinari tract infect myth guardian liberti voic,1
obama needl clinton g p field correspond dinner new york time,0
zuckerberg reveal facebook chill point plan censor fake news,0
bad news hillari camera caught gave strang men,1
key moment today confirm hear new york time,0
man imprison fail provid amazon review,1
tom van flein hous ethic reform necessari stop left alinski tactic,0
save convers post elect thanksgiv dinner,1
trump order wall built congress hold checkbook new york time,0
review riverdal archi hot haunt new york time,0
greas nairobi high school saheem ali first time direct new york time,0
scientist conclud fluorid caus hypothyroid lead depress weight gain wors,1
mufon intern track multipl triangl ufo report,0
memor tv episod new york time,0
abort rule could creat wave legal challeng new york time,0
carr forti year sex abus catalogu elit nh prep school kerri mueller breitbart,0
trump weari defend face fresh worri new york time,0
rancher yearn trump wall us mexico border,1
pentagon say airstrik target qaeda leader afghanistan new york time,1
record u auto industri long road back may end new york time,0
revers germani militari growth met western relief new york time,0
car accid throw product life turmoil new york time,0
men bind share realiz truth,0
demonetis whatsapp fwd cannot without,0
roman launch protest pope franci merci,1
thing need know jfk assassin,1
tell dog got new pet dog throw hyster fit,1
death toll mistaken bomb camp nigeria climb new york time,0
rig elect hillari trump caught parti like bff kissing jesuit gala,0
end game close clinton deep state turn massiv collect crimin damn evid reveal bring clinton crime famili forev,0
trump tower climber face charg new york time,0
russia syria blame idlib bomb hoax,1
splash jerri brown say california drought breitbart,1
anoth baltimor polic offic acquit freddi gray case new york time,0
south china sea row china prepar war readi first aircraft carrier deploy,1
space fenc program take war conscious heaven,0
man arrest shout bomb berlin new year parti,1
novemb daili contrarian read,1
feder judg charg sheriff joe contempt,1
dwayn johnson k rock peopl sexiest man aliv new york time,1
sinc trump ice arrest non felon illeg alien doubl breitbart,1
lagerfeld meryl streep want money wear chanel oscar,1
lindsey graham democrat clean clock spend bill breitbart,1
chicago shoot survivor need miracl new york time,0
assad person confid friendli regret new york time,0
focu good women vote trump word new york time,0
obama surpris vice presid joe biden presidenti medal freedom breitbart,1
youtub ban clinton black son,0
govern confirm compens survivor symphysiotomi got lost post,1
dakota excess pipelin stand rock protector strip search jail day minor charg video link commentari,0
rob gronkowski surpris sean spicer white hous press brief,1
trump frantic googl presid,1
break wikileak releas full isi donor list name conserv daili post,0
twitter co founder biz stone rejoin compani breitbart,1
comment wikileak shocker clinton camp consid paul ryan rel suprem court nomine richard johnson,1
venezuela protest burn hugo chavez childhood home,0
manchest suicid bomber salman abedi son libyan immigr chant arab prayer street,0
trump support lose g p repeal bill new york time,0
russian airstrik syria hit u alli mistak new york time,0
milo campus anti free speech place us far away speech climat uk breitbart,1
book danger read,1
reader write illeg alien set forest fire american bribe environmentalist care,1
inaugur coverag day three live updat breitbart,0
communist terror small busi,1
toni erdmann becam unexpect comedi new york time,0
russian come sea,0
hillari clinton donald trump strike differ tone dalla shoot new york time,0
breitbart news daili obama farewel breitbart,1
n f l cowboy like new qb patriot love old one new york time,0
christi order lead test new jersey public school new york time,1
bust abc news stage fake crime scene,1
lord heseltin confess strangl dog funniest twitter reaction,1
loophol could cost donald trump nomin new york time,1
mexican breweri portray trump gun sling nazi mariachi,1
dem defi paul ryan rule pictur hous floor breitbart,1
georgetown univers plan step aton slave past new york time,0
u transit put isra focu back palestinian new york time,0
ruth bader ginsburg call colin kaepernick nation anthem protest dumb new york time,0
dalla polic use recov harm way new york time,0
turmoil nation secur council top new york time,0
basebal outlaw haze ritual forc rooki dress women new york time,0
hurrican matthew pummel haiti move toward u new york time,0
austria reject far right presidenti candid norbert hofer new york time,0
krauthamm coulter berkeley reach situat fascist gang shut free speech breitbart,1
citi council vote put god trust plaqu citi hall,0
egypt retali coptic bu massacr airstrik libyan terrorist camp breitbart,1
new spin aspartam,0
hillari clinton alreadi know result elect,1
long lost flag endur mysteri go view museum new york time,0
financi life feel like whac mole new york time,0
bu crash kill chattanooga stray rout new york time,1
fake news comey confirm new york time trump russia collus stori fals breitbart,1
u accus chines jet fli close american plane new york time,1
trump shift russia bring geopolit whiplash new york time,0
u elect shockwav hit europ,0
measl minnesota case confirm breitbart,0
profit conflict new york time,0
fbi interven jame comey hillari clinton email,0
huckabe respond flag burn trump hater happen countri,1
work class elect paul craig robert,0
downsid cord cut new york time,0
ncaa shun lgbtq group restor nc destin championship game breitbart,1
world anim popul two third,1
scientist fascin lake sea enter never come watch,1
u impos new sanction iran missil test new york time,0
biggest threat human expos,1
detect neg energi malici entiti haunt glass water,1
white hous offici say trump target investig new york time,0
break comey let hillari hook video min,1
debat duke say usa becom banana republ,1
studi pole shift earth magnet field collaps,1
truth atlanti video,1
justin trudeau lahor adel morn brief new york time,0
politico trump asset drag greg gianfort montana hous race,1
american irration inform,0
john elway put rest rumor run colorado governor breitbart,1
food natur cleans liver,1
zakharchenko reveal name motorola assassin,1
comment corpor democrat parti think tank third way expos dear centrist left someth say whether like,0
ag session sanctuari citi fail compli immigr law risk lose feder dollar breitbart,1
woman took husband intestin flight want test lawyer say new york time,1
told budweis hit delet beer ad featur ami schumer,1
abort found littl effect women mental health new york time,0
limbaugh call trump border wall cave countri readi blame democrat shutdown breitbart,0
trump time magazin report badli presid breitbart,1
e u block merger london stock exchang deutsch b rse new york time,0
jerri seinfeld slam offens black life matter tweet breitbart,1
leftist hypocrisi peac love equal brutal expos,1
give mostli everyth care wife new york time,0
politico scoop lara trump support beagl rescu org felon leadership breitbart,1
qualifi joe biden explain reason hillari set privat email server hint help twitchi com,1
samsung group leader name suspect south korean briberi inquiri new york time,0
get organ tini apart new york time,0
break hillari lost black vote trump go way white hous,1
merkel migrant germani reject asylum seeker flood pari,1
dolor cannon lost knowledg volunt soul video,1
wear maga gear public everi day elect,1
postmodern stalin,0
new nasa footag film ufo fli past,1
instal tortur fan cia,0
franc obsess declin boom industri new york time,0
washington post flip conserv wh access,1
mick mulvaney trump find anti establish leader budget offic new york time,0
michael moor peopl vote trump ultim f human molotov cocktail,0
exclus trump cover art releas breitbart,1
davo elit fret inequ vintag wine canap new york time,0
obama farewel u n paint stark choic unsettl world new york time,0
health crisi rippl effect environment toxin within bodi,1
preciou metal stock pois major upsw clive maund,0
left vision,0
next revolut steve hilton origin rino,0
trump time dream big,0
sarah silverman mistak construct mark swastika,1
ideolog food fight word await neil gorsuch new york time,0
erdogan warn european safeti tension rise west new york time,1
run deutsch bank acceler harvey organ,0
thousand protest trump immigr order london,1
dacha wall clue raoul wallenberg cold war fate new york time,0
l resistmarch day gay right movement end breitbart,1
report palestinian deleg meet trump offici dc month,1
turn tide cholera new york time,0
shia vs sunni schism western politician understand discuss breitbart,0
articl attack trump say media cover new york time,0
russia may face olymp ban dope scheme confirm new york time,0
obamacar architect say work design,1
strang lump embed hillari clinton face,1
peopl tyranni seven principl free govern,0
review find dori forget fish warm celebr differ new york time,0
comment west point academi children new champion gay marriag para para dinl,1
obama sign execut order declar investig elect result revot plan dec th abc news,0
new form stem cell engin rais ethic question new york time,0
jame clapper warn light regard russia collus smoke gun evid breitbart,1
white hous promis extrem vet australian refuge deal breitbart,1
suspect bribe paid bill clinton hillari secretari state,0
break fbi open clinton email server investig,1
elect new world next week,1
syria conflict food ration run rebel held aleppo,1
donald trump vladimir putin tri creat world peac,1
sweden filthi muslim savag tri cut ahead swedish woman line,1
calculu six crucial senat race new york time,1
honor player plan boycott game breitbart,1
orlando polic defend action clock tick massacr new york time,0
new pew report signific econom impact illeg anchor babi,0
fort lauderdal shoot rumor second gunman creat chao new york time,0
eagl sue mexican hotel california open decad releas famou song breitbart,1
mint suspend silver eagl product redux,1
alasdair macleod market report gold silver find support,1
american peopl defeat oligarchi rule paul craig robert,0
ye creationist real scientist,1
destruct nation ballot box,0
dh kelli slam obama polici proclaim sacr duti protect america breitbart,1
moral cowardic lesser evil,0
elect rise propaganda america,0
explain donald trump want immigr new york time,0
first day octob trump gave k campaign,1
mom power respons hater say disabl toddler less attract gain weight,1
canada immigr crisi mani american leftist,1
cronyism ga pump,1
un exorcista presentar la nueva temporada de hermano mayor,1
new jersey student loan program even death may bring repriev new york time,0
ghost fleet,1
buzz aldrin warn success lead depress,0
isra scientist develop blood test diagnos lung cancer,1
former texa border citi manag plead guilti corrupt probe,1
chase ad site result new york time,0
colleg student threaten cop hand u constitut,0
russian scientist say discov secret nazi base arctic nazi stronghold arctic circl,0
top turkish deleg visit crimea sign turkey eurasian futur,0
chuck schumer withdraw pari agreement trump earth drop dead breitbart,1
ride rail summer love new york time,0
trump nra came go come breitbart,1
chart day mind big rig class truck sale sinc peak,1
obama lose goe audienc inform clear hous ich,0
age empir dynasti art forg china ident new york time,0
letter bomb injur one imf pari offic,1
split donald trump threaten tilt republican state new york time,0
paypal founder blast corrupt media intoler left defend trump,1
go knife eye ear wide open new york time,0
grad student win right union ivi leagu case new york time,0
daili traditionalist speak independ,1
noah ark kentucki dinosaur includ new york time,0
five outrag insid unesco resolut deni isra tie jerusalem judaism holiest site,0
fbi insid reveal agent revolt insid bureau made comey reopen clinton investig save face,0
uk job market self suffici brexit say green,1
postelect therapi view swing state space new york time,0
scientist say clock age may revers new york time,0
larg section australia great reef dead scientist find new york time,0
local aunt th new boyfriend year probabl one,1
argu judg today tomorrow new york time,0
iraq start offens retak western mosul isi new york time,0
mosquito armi releas zika fight brazil colombia,1
seek final face tapestri grief loss life joy new york time,0
hous benghazi report find new evid wrongdo hillari clinton new york time,0
charl barkley espn layoff tough busi breitbart,1
north carolina town terror abroad rais apprehens new york time,0
california ag warn data mine student,1
u govern realli know hack democrat email,0
russia rig us presidenti elect insid,1
liberti hang balanc suprem court appoint,0
green new gold,0
record studio,0
paul ryan turn focu donald trump hous race roil g p new york time,0
hama tunnel back israel palestinian afraid new york time,0
inspirado por el anuncio de la loter lo vecino de pedro nchez le organizan una fiesta de investidura,1
note america sure put trump behind inform,0
command sean spicer report duti pentagon,1
chicago tribun editor say facebook anti fake news algorithm kill traffic breitbart,1
rise donald trump track grow debat global fascism new york time,0
trump desecr name badli keep futur hotel,1
gannett offer million tribun publish new york time,0
ancient mosqu inscript confirm jerusalem templ,1
wallac priebu trump press enemi tweet get tell us breitbart,1
conspiraci theori deliverd door anonym,1
syrian war report novemb russian attack helicopt swarm hom provinc vineyard saker,1
pollak adm mike mullen partisan attack steve bannon breitbart,1
putin world rule class reptilian,1
vow squeez busi trump tactic challeng new york time,0
leftist send death threat joy villa maga grammi dress,1
call wall street expert baffl happen stock market sinc trump truthfe,1
get readi civil unrest survey find american concern elect violenc,0
obama war first u serviceman kill northern syria improvis explos devic today,1
go gentli night silent major speak,0
koch brother help incit impend bloodbath among republican,0
